snapshot_id,topology_id,timestep,edge_id,u,v,bandwidth_mbps,load_mbps,utilization,queue_length_pkts,latency_ms,propagation_delay_ms,link_reliability,cost_metric,is_bottleneck,is_inter_domain
topology_052_t00,52,0,0,0,1,935.0411260333848,11.636129597695481,0.012444511020662874,0.00015681737003300685,5.0497911823321315,5.04977770556834,0.9414988644548831,5.58451354346789,0,False
topology_052_t00,52,0,1,0,2,876.7313866287163,13.212418232605042,0.015070086954923081,0.00023058241791723194,4.482671726768041,4.482654274821406,0.9602442876591024,5.05295437770998,0,False
topology_052_t00,52,0,2,1,4,27.344544305888476,15.009524166188562,0.5489037958828356,0.6679182276078948,9.361989089312518,9.317489462261548,0.9838379348582464,27.602672583500404,0,True
topology_052_t00,52,0,3,2,7,55.30862121787026,21.888285943405474,0.3957481756267927,0.2591909733568347,11.318693312781035,11.306851774616419,0.9770338033356303,20.347033738842452,0,True
topology_052_t00,52,0,4,2,8,16.699271257249954,5.249865327630023,0.31437691182786226,0.1441504004101008,5.760380233323027,5.732922309849936,0.9429458805118164,35.674348633045085,0,True
topology_052_t00,52,0,5,3,4,112.11639830620356,26.252819671398456,0.2341568233372856,0.07159353192168773,4.556069932850739,4.5533428531382425,0.95332707984135,9.012993783365586,0,False
topology_052_t00,52,0,6,3,5,164.3051375250185,9.061884653408661,0.0551527772649764,0.003219386972673739,1.5998803796689571,1.5995251128457955,0.9759783655723359,4.642643590646684,0,False
topology_052_t00,52,0,7,3,6,656.6238141654667,19.994941914585198,0.030451137292359227,0.0009563950802938767,2.609153103245887,2.609105271394993,0.9646546582727327,3.370576282974847,0,False
topology_052_t00,52,0,8,3,12,74.76121213978968,16.572336755173275,0.22167025227180723,0.06313224039768613,10.15567839009101,10.151868894705395,0.9760820200412461,16.83982894362879,0,True
topology_052_t00,52,0,9,5,6,749.7081891153937,6.729944113860652,0.008976751503543724,8.131198504034153e-05,3.2376170876498294,3.2376050055309196,0.9924051233550792,3.904531160612628,0,False
topology_052_t00,52,0,10,6,7,89.4797902975747,22.444553217488625,0.2508337708754887,0.08398347144550782,11.035774626146187,11.032032806443576,0.9747928780107277,16.61988676024919,0,True
topology_052_t00,52,0,11,7,9,410.2582848332561,18.294876440413258,0.04459355756300927,0.002081402519176093,4.997573198630302,4.997459428934947,0.9795398258450432,6.216203860149099,0,False
topology_052_t00,52,0,12,7,10,508.2343371862275,11.026574783127911,0.021695847715003064,0.0004811487378165373,2.518183689756511,2.518140054380406,0.9691225768558183,3.5019382030222,0,False
topology_052_t00,52,0,13,7,12,39.289438636340606,15.989857151966914,0.4069759636926235,0.2792963267642165,13.677016556620718,13.659549463318395,0.9687955528574318,26.38561573848088,0,True
topology_052_t00,52,0,14,8,9,458.365269889802,10.057789398166666,0.021942738813053423,0.0004922858872634554,1.869105468255413,1.8690565225211393,0.9649781013103484,2.959889604443353,0,False
topology_052_t00,52,0,15,8,13,65.21326327731808,6.150817537998389,0.09431850560586368,0.009822416108517688,15.98090135814555,15.979304429599411,0.9524826136904785,23.646456399494863,0,True
topology_052_t00,52,0,16,9,10,686.1746812426125,2.720342311280337,0.003964504062367901,1.5779851746885684e-05,5.289974753940386,5.289968953254317,0.996000674893524,6.018646378504891,0,False
topology_052_t00,52,0,17,11,12,327.56403571677475,14.718916259841048,0.04493446976751631,0.002114102655130212,1.2567729630247948,1.2566293313458172,0.9682263558651931,2.7830484295410796,0,False
topology_052_t00,52,0,18,12,13,224.697184511216,15.174505518475893,0.06753313599137885,0.004891031127072739,4.690902074153102,4.690579755174001,0.9621859544118593,6.915796778198346,0,False
topology_052_t01,52,1,0,0,1,935.0411260333848,25.2341919738383,0.026987253577697004,0.0007485121426670611,5.049807368184185,5.04977770556834,0.9414988644548831,5.58451354346789,0,False
topology_052_t01,52,1,1,0,2,876.7313866287163,38.95104051404732,0.04442756482555649,0.0020655770757647455,4.482707304908626,4.482654274821406,0.9602442876591024,5.05295437770998,0,False
topology_052_t01,52,1,2,1,4,27.344544305888476,30.166890144089418,1.1032142209659412,198.00499999999982,41.38069886042746,9.317489462261548,0.9838379348582464,27.602672583500404,1,True
topology_052_t01,52,1,3,2,7,55.30862121787026,57.34491848368104,1.0368169956323707,198.00499999999982,31.722883672262842,11.306851774616419,0.9770338033356303,20.347033738842452,1,True
topology_052_t01,52,1,4,2,8,16.699271257249954,10.765616553209547,0.6446758297033877,1.1696556557264792,5.8415696548436395,5.732922309849936,0.9429458805118164,35.674348633045085,0,True
topology_052_t01,52,1,5,3,4,112.11639830620356,45.04952554055748,0.4018103169664952,0.2699002262994102,4.559334042236481,4.5533428531382425,0.95332707984135,9.012993783365586,0,False
topology_052_t01,52,1,6,3,5,164.3051375250185,19.861975083794846,0.12088468676623391,0.01662251501548433,1.6003620142589408,1.5995251128457955,0.9759783655723359,4.642643590646684,0,False
topology_052_t01,52,1,7,3,6,656.6238141654667,39.04302596763233,0.059460264957423,0.003759036409713086,2.60920155072572,2.609105271394993,0.9646546582727327,3.370576282974847,0,False
topology_052_t01,52,1,8,3,12,74.76121213978968,41.34510821347012,0.5530288639002052,0.6842520682106571,10.168418665591899,10.151868894705395,0.9760820200412461,16.83982894362879,0,True
topology_052_t01,52,1,9,5,6,749.7081891153937,12.22015457005436,0.016299881403821048,0.0002700885450311699,3.237627107423615,3.2376050055309196,0.9924051233550792,3.904531160612628,0,False
topology_052_t01,52,1,10,6,7,89.4797902975747,51.85424061491768,0.5795078468833108,0.7986578158716223,11.047434783338824,11.032032806443576,0.9747928780107277,16.61988676024919,0,True
topology_052_t01,52,1,11,7,9,410.2582848332561,54.55486543614426,0.1329768768918764,0.020394899878249363,4.997833270932635,4.997459428934947,0.9795398258450432,6.216203860149099,0,False
topology_052_t01,52,1,12,7,10,508.2343371862275,27.111638407791624,0.053344759344462325,0.003006018693297512,2.518250929962622,2.518140054380406,0.9691225768558183,3.5019382030222,0,False
topology_052_t01,52,1,13,7,12,39.289438636340606,35.09064578388788,0.8931317677680162,7.464185922574739,13.872261020938176,13.659549463318395,0.9687955528574318,26.38561573848088,0,True
topology_052_t01,52,1,14,8,9,458.365269889802,32.46086731879328,0.07081877587845467,0.005397546664445672,1.8692228010931637,1.8690565225211393,0.9649781013103484,2.959889604443353,0,False
topology_052_t01,52,1,15,8,13,65.21326327731808,13.764811012787717,0.2110737957438679,0.056471881665702404,15.983407056334586,15.979304429599411,0.9524826136904785,23.646456399494863,0,True
topology_052_t01,52,1,16,9,10,686.1746812426125,4.826182673046464,0.007033460727968858,4.981997666119506e-05,5.289979276107809,5.289968953254317,0.996000674893524,6.018646378504891,0,False
topology_052_t01,52,1,17,11,12,327.56403571677475,26.893460487672563,0.08210138340988614,0.007343553019894296,1.2569023922642237,1.2566293313458172,0.9682263558651931,2.7830484295410796,0,False
topology_052_t01,52,1,18,12,13,224.697184511216,36.516497919449264,0.16251426558318316,0.03153592405539016,4.691443362744611,4.690579755174001,0.9621859544118593,6.915796778198346,0,False
topology_052_t02,52,2,0,0,1,935.0411260333848,27.544137521673377,0.029457674913744854,0.0008940924974567728,5.049810165923897,5.04977770556834,0.9414988644548831,5.58451354346789,0,False
topology_052_t02,52,2,1,0,2,876.7313866287163,42.6939613864793,0.04869674114285999,0.00249276198294915,4.482712661579205,4.482654274821406,0.9602442876591024,5.05295437770998,0,False
topology_052_t02,52,2,2,1,4,27.344544305888476,28.60103370589666,1.0459502775380904,198.00499999999982,34.50902564908537,9.317489462261548,0.9838379348582464,27.602672583500404,1,True
topology_052_t02,52,2,3,2,7,55.30862121787026,54.2263508538978,0.9804321579503996,49.123823358074794,22.26461390275826,11.306851774616419,0.9770338033356303,20.347033738842452,0,True
topology_052_t02,52,2,4,2,8,16.699271257249954,10.29351443708891,0.6164050082496864,0.990511196357363,5.829149036145517,5.732922309849936,0.9429458805118164,35.674348633045085,0,True
topology_052_t02,52,2,5,3,4,112.11639830620356,48.90355988141449,0.43618561263315736,0.33744773622524216,4.560243122506025,4.5533428531382425,0.95332707984135,9.012993783365586,0,False
topology_052_t02,52,2,6,3,5,164.3051375250185,20.67336614861041,0.12582300505035945,0.018110095199673833,1.6004011237996716,1.5995251128457955,0.9759783655723359,4.642643590646684,0,False
topology_052_t02,52,2,7,3,6,656.6238141654667,39.91576792511928,0.06078940035985454,0.003934528845315994,2.609203842186684,2.609105271394993,0.9646546582727327,3.370576282974847,0,False
topology_052_t02,52,2,8,3,12,74.76121213978968,45.324040291597605,0.606250741451998,0.9334365805955935,10.17246362930077,10.151868894705395,0.9760820200412461,16.83982894362879,0,True
topology_052_t02,52,2,9,5,6,749.7081891153937,15.602000169639744,0.020810763969444,0.00044229233845294633,3.2376333539691737,3.2376050055309196,0.9924051233550792,3.904531160612628,0,False
topology_052_t02,52,2,10,6,7,89.4797902975747,52.18785909892199,0.5832362696131231,0.8162047735690938,11.047672550776102,11.032032806443576,0.9747928780107277,16.61988676024919,0,True
topology_052_t02,52,2,11,7,9,410.2582848332561,45.46366758423983,0.11081718338172725,0.013810937304618852,4.997763208591065,4.997459428934947,0.9795398258450432,6.216203860149099,0,False
topology_052_t02,52,2,12,7,10,508.2343371862275,25.638775100144603,0.050446758953931185,0.0026800766707430657,2.5182445865454675,2.518140054380406,0.9691225768558183,3.5019382030222,0,False
topology_052_t02,52,2,13,7,12,39.289438636340606,41.65251127402372,1.0601452380003566,198.00499999999982,38.34195240087588,13.659549463318395,0.9687955528574318,26.38561573848088,1,True
topology_052_t02,52,2,14,8,9,458.365269889802,21.617359805514884,0.047161862439342374,0.0023343327487307447,1.8691645066954201,1.8690565225211393,0.9649781013103484,2.959889604443353,0,False
topology_052_t02,52,2,15,8,13,65.21326327731808,13.44269542721267,0.2061343774509164,0.0535246524854396,15.983286120085166,15.979304429599411,0.9524826136904785,23.646456399494863,0,True
topology_052_t02,52,2,16,9,10,686.1746812426125,5.005368474605445,0.007294598025011776,5.3602166605160053e-05,5.289979662189509,5.289968953254317,0.996000674893524,6.018646378504891,0,False
topology_052_t02,52,2,17,11,12,327.56403571677475,34.573155926191546,0.10554625098124297,0.012454541230797526,1.2569895686714865,1.2566293313458172,0.9682263558651931,2.7830484295410796,0,False
topology_052_t02,52,2,18,12,13,224.697184511216,38.1736821744405,0.169889454812172,0.03476937743255191,4.691490575808848,4.690579755174001,0.9621859544118593,6.915796778198346,0,False
topology_052_t03,52,3,0,0,1,935.0411260333848,18.526746500655353,0.019813830627160963,0.0004005237947532097,5.049799324247839,5.04977770556834,0.9414988644548831,5.58451354346789,0,False
topology_052_t03,52,3,1,0,2,876.7313866287163,25.29815847398645,0.0288550847612119,0.0008573549668146046,4.482688164836274,4.482654274821406,0.9602442876591024,5.05295437770998,0,False
topology_052_t03,52,3,2,1,4,27.344544305888476,22.245783855861536,0.8135364629598543,3.54944235785217,9.477045195646818,9.317489462261548,0.9838379348582464,27.602672583500404,0,True
topology_052_t03,52,3,3,2,7,55.30862121787026,28.70079014216091,0.5189207308043987,0.5597387834001336,11.326354331188124,11.306851774616419,0.9770338033356303,20.347033738842452,0,True
topology_052_t03,52,3,4,2,8,16.699271257249954,6.261588190973967,0.3749617629724717,0.22494035622532935,5.768846160056116,5.732922309849936,0.9429458805118164,35.674348633045085,0,True
topology_052_t03,52,3,5,3,4,112.11639830620356,29.663012838455025,0.2645733655967231,0.09518157557616111,4.556551616054354,4.5533428531382425,0.95332707984135,9.012993783365586,0,False
topology_052_t03,52,3,6,3,5,164.3051375250185,9.72621316471778,0.05919603800116588,0.003724655780137773,1.5999080630975593,1.5995251128457955,0.9759783655723359,4.642643590646684,0,False
topology_052_t03,52,3,7,3,6,656.6238141654667,23.466958929372137,0.03573881790930378,0.0013246028454500576,2.6091617168359824,2.609105271394993,0.9646546582727327,3.370576282974847,0,False
topology_052_t03,52,3,8,3,12,74.76121213978968,27.082155911031954,0.3622487535433925,0.20576072594578607,10.159466544117862,10.151868894705395,0.9760820200412461,16.83982894362879,0,True
topology_052_t03,52,3,9,5,6,749.7081891153937,6.875990766589507,0.009171556168677741,8.48960716448011e-05,3.237617352271124,3.2376050055309196,0.9924051233550792,3.904531160612628,0,False
topology_052_t03,52,3,10,6,7,89.4797902975747,25.469367942295182,0.2846382167145682,0.11325586061133303,11.036479554429938,11.032032806443576,0.9747928780107277,16.61988676024919,0,True
topology_052_t03,52,3,11,7,9,410.2582848332561,20.99424689290235,0.05117324297651948,0.0027599356545855666,4.997590890457176,4.997459428934947,0.9795398258450432,6.216203860149099,0,False
topology_052_t03,52,3,12,7,10,508.2343371862275,9.67806411487616,0.019042523117303502,0.0003696568864792906,2.5181782497139036,2.518140054380406,0.9691225768558183,3.5019382030222,0,False
topology_052_t03,52,3,13,7,12,39.289438636340606,19.70709609747967,0.5015876220550444,0.5047830947461331,13.685163744197185,13.659549463318395,0.9687955528574318,26.38561573848088,0,True
topology_052_t03,52,3,14,8,9,458.365269889802,14.152576444877825,0.03087619716101161,0.0009837128634472832,1.8691260302088228,1.8690565225211393,0.9649781013103484,2.959889604443353,0,False
topology_052_t03,52,3,15,8,13,65.21326327731808,8.403699306236684,0.12886487938044325,0.019062665187836513,15.981572795528889,15.979304429599411,0.9524826136904785,23.646456399494863,0,True
topology_052_t03,52,3,16,9,10,686.1746812426125,2.5425977205319485,0.0037054671208903963,1.3781553678028483e-05,5.289974373519414,5.289968953254317,0.996000674893524,6.018646378504891,0,False
topology_052_t03,52,3,17,11,12,327.56403571677475,17.21903070255393,0.05256691463357781,0.0029165970207016266,1.2567987135294654,1.2566293313458172,0.9682263558651931,2.7830484295410796,0,False
topology_052_t03,52,3,18,12,13,224.697184511216,19.786753942256404,0.08805964340540604,0.00850329820433044,4.691009502176928,4.690579755174001,0.9621859544118593,6.915796778198346,0,False
topology_052_t04,52,4,0,0,1,935.0411260333848,16.576856517475896,0.017728478519226154,0.0003199715595264919,5.049797007874492,5.04977770556834,0.9414988644548831,5.58451354346789,0,False
topology_052_t04,52,4,1,0,2,876.7313866287163,28.033168558389086,0.031974637826284125,0.0010561473945540798,4.482691949741826,4.482654274821406,0.9602442876591024,5.05295437770998,0,False
topology_052_t04,52,4,2,1,4,27.344544305888476,19.645212959063798,0.7184326328244324,1.8331152970053164,9.410800504540658,9.317489462261548,0.9838379348582464,27.602672583500404,0,True
topology_052_t04,52,4,3,2,7,55.30862121787026,36.10702100356025,0.6528280801166318,1.227589208055604,11.340850403523927,11.306851774616419,0.9770338033356303,20.347033738842452,0,True
topology_052_t04,52,4,4,2,8,16.699271257249954,4.059165881425191,0.2430744323446397,0.0780594317122753,5.752152721711022,5.732922309849936,0.9429458805118164,35.674348633045085,0,True
topology_052_t04,52,4,5,3,4,112.11639830620356,33.73650669050334,0.3009060868898484,0.1295168952688256,4.557181925643793,4.5533428531382425,0.95332707984135,9.012993783365586,0,False
topology_052_t04,52,4,6,3,5,164.3051375250185,10.58698893459043,0.06443492330225137,0.004437809238905944,1.5999442886158208,1.5995251128457955,0.9759783655723359,4.642643590646684,0,False
topology_052_t04,52,4,7,3,6,656.6238141654667,26.43168956540863,0.04025393078227276,0.0016883413179746075,2.6091691470437213,2.609105271394993,0.9646546582727327,3.370576282974847,0,False
topology_052_t04,52,4,8,3,12,74.76121213978968,35.32894422463345,0.4725571350899828,0.4233828169474801,10.163852915916316,10.151868894705395,0.9760820200412461,16.83982894362879,0,True
topology_052_t04,52,4,9,5,6,749.7081891153937,11.739741851711194,0.01565908178962713,0.00024910763939392234,3.23762622470614,3.2376050055309196,0.9924051233550792,3.904531160612628,0,False
topology_052_t04,52,4,10,6,7,89.4797902975747,37.44608419904933,0.41848649929239146,0.30116403123383123,11.040075410568294,11.032032806443576,0.9747928780107277,16.61988676024919,0,True
topology_052_t04,52,4,11,7,9,410.2582848332561,25.627090372156015,0.062465747358573874,0.004161948837678942,4.997621833202355,4.997459428934947,0.9795398258450432,6.216203860149099,0,False
topology_052_t04,52,4,12,7,10,508.2343371862275,17.564576155440417,0.034559995006800175,0.0012371491223615349,2.5182104887086476,2.518140054380406,0.9691225768558183,3.5019382030222,0,False
topology_052_t04,52,4,13,7,12,39.289438636340606,23.8234757423218,0.6063582624030259,0.934022760464624,13.698755445290429,13.659549463318395,0.9687955528574318,26.38561573848088,0,True
topology_052_t04,52,4,14,8,9,458.365269889802,13.688047495086568,0.029862750069125837,0.0009192347183397175,1.869123678535806,1.8690565225211393,0.9649781013103484,2.959889604443353,0,False
topology_052_t04,52,4,15,8,13,65.21326327731808,9.41127054741164,0.14431528303361238,0.024339456465820877,15.981890632635782,15.979304429599411,0.9524826136904785,23.646456399494863,0,True
topology_052_t04,52,4,16,9,10,686.1746812426125,4.915166320946486,0.007163141478851242,5.1680792675714475e-05,5.28997946781055,5.289968953254317,0.996000674893524,6.018646378504891,0,False
topology_052_t04,52,4,17,11,12,327.56403571677475,20.116954096824674,0.061413805861821213,0.004018443456753213,1.2568290854158126,1.2566293313458172,0.9682263558651931,2.7830484295410796,0,False
topology_052_t04,52,4,18,12,13,224.697184511216,27.249107186925,0.12127035434912105,0.01673609046508066,4.691193943754576,4.690579755174001,0.9621859544118593,6.915796778198346,0,False
topology_052_t05,52,5,0,0,1,935.0411260333848,65.04087274036348,0.06955937116507244,0.00520023090881033,5.049857658845252,5.04977770556834,0.9414988644548831,5.58451354346789,0,False
topology_052_t05,52,5,1,0,2,876.7313866287163,95.94984180523568,0.10944040930733681,0.013449075518957394,4.482794442593087,4.482654274821406,0.9602442876591024,5.05295437770998,0,False
topology_052_t05,52,5,2,1,4,27.344544305888476,75.50327143775569,1.2,198.00499999999982,52.994992344514515,9.317489462261548,0.9838379348582464,27.602672583500404,1,True
topology_052_t05,52,5,3,2,7,55.30862121787026,108.20437922700958,1.2,198.00499999999982,51.304844196378355,11.306851774616419,0.9770338033356303,20.347033738842452,1,True
topology_052_t05,52,5,4,2,8,16.699271257249954,18.602973451966605,1.1139991180088271,198.00499999999982,43.72950414754078,5.732922309849936,0.9429458805118164,35.674348633045085,0,True
topology_052_t05,52,5,5,3,4,112.11639830620356,91.96584491835658,0.8202711316785849,3.7436653095817407,4.594049979929773,4.5533428531382425,0.95332707984135,9.012993783365586,0,False
topology_052_t05,52,5,6,3,5,164.3051375250185,16.429246713026078,0.09999228849751836,0.011109302321731688,1.6002013034536657,1.5995251128457955,0.9759783655723359,4.642643590646684,0,False
topology_052_t05,52,5,7,3,6,656.6238141654667,58.457460227503724,0.08902732274765268,0.00870044118065155,2.609254105113509,2.609105271394993,0.9646546582727327,3.370576282974847,0,False
topology_052_t05,52,5,8,3,12,74.76121213978968,71.75714033749874,0.9598177756043619,22.926808463747196,10.471374498690093,10.151868894705395,0.9760820200412461,16.83982894362879,0,True
topology_052_t05,52,5,9,5,6,749.7081891153937,23.090194559702937,0.03079890935558253,0.000978716209308728,3.237647392190191,3.2376050055309196,0.9924051233550792,3.904531160612628,0,False
topology_052_t05,52,5,10,6,7,89.4797902975747,89.79791423243962,1.0035552601744704,198.00499999999982,26.08262990099464,11.032032806443576,0.9747928780107277,16.61988676024919,0,True
topology_052_t05,52,5,11,7,9,410.2582848332561,66.62967796644851,0.16240909795040273,0.031491167146776904,4.997932058671544,4.997459428934947,0.9795398258450432,6.216203860149099,0,False
topology_052_t05,52,5,12,7,10,508.2343371862275,46.85116611841309,0.09218418097800792,0.009360845057471126,2.5183398539976407,2.518140054380406,0.9691225768558183,3.5019382030222,0,False
topology_052_t05,52,5,13,7,12,39.289438636340606,74.53139011032488,1.2,198.00499999999982,55.12452384083308,13.659549463318395,0.9687955528574318,26.38561573848088,1,True
topology_052_t05,52,5,14,8,9,458.365269889802,44.7266913430155,0.0975787091237704,0.010551174457570854,1.8692924258294492,1.8690565225211393,0.9649781013103484,2.959889604443353,0,False
topology_052_t05,52,5,15,8,13,65.21326327731808,18.85068637153933,0.2890621542948582,0.11753056831952545,15.985539245987686,15.979304429599411,0.9524826136904785,23.646456399494863,0,True
topology_052_t05,52,5,16,9,10,686.1746812426125,12.992179975527382,0.01893421650591871,0.0003654235635618489,5.289997079678385,5.289968953254317,0.996000674893524,6.018646378504891,0,False
topology_052_t05,52,5,17,11,12,327.56403571677475,44.04002802222743,0.13444707971636496,0.02088378055305414,1.257103531329126,1.2566293313458172,0.9682263558651931,2.7830484295410796,0,False
topology_052_t05,52,5,18,12,13,224.697184511216,66.80562879186786,0.2973140448430193,0.12579679529978546,4.692462782062225,4.690579755174001,0.9621859544118593,6.915796778198346,0,False
topology_052_t06,52,6,0,0,1,935.0411260333848,20.07447618916468,0.02146908369081505,0.00047103422778068267,5.049801169903018,5.04977770556834,0.9414988644548831,5.58451354346789,0,False
topology_052_t06,52,6,1,0,2,876.7313866287163,31.144072673497845,0.03552293570013016,0.001308355592335004,4.482696284599833,4.482654274821406,0.9602442876591024,5.05295437770998,0,False
topology_052_t06,52,6,2,1,4,27.344544305888476,20.091572825522405,0.7347561766167671,2.0353598895928777,9.418793621337006,9.317489462261548,0.9838379348582464,27.602672583500404,0,True
topology_052_t06,52,6,3,2,7,55.30862121787026,38.5028269249916,0.6961451230780511,1.5948996352947744,11.348274697624172,11.306851774616419,0.9770338033356303,20.347033738842452,0,True
topology_052_t06,52,6,4,2,8,16.699271257249954,7.696214656992879,0.4608712882396939,0.39397334938850015,5.784112845320582,5.732922309849936,0.9429458805118164,35.674348633045085,0,True
topology_052_t06,52,6,5,3,4,112.11639830620356,31.939587958313954,0.2848788262987457,0.11348558630044742,4.556895985584678,4.5533428531382425,0.95332707984135,9.012993783365586,0,False
topology_052_t06,52,6,6,3,5,164.3051375250185,11.824267375096625,0.07196529307122951,0.005580613923338385,1.5999970756107014,1.5995251128457955,0.9759783655723359,4.642643590646684,0,False
topology_052_t06,52,6,7,3,6,656.6238141654667,28.185257390645848,0.0429245129137873,0.0019251499320031382,2.6091735748312654,2.609105271394993,0.9646546582727327,3.370576282974847,0,False
topology_052_t06,52,6,8,3,12,74.76121213978968,30.151557630269927,0.4033048256881132,0.27259275661294574,10.160909646760581,10.151868894705395,0.9760820200412461,16.83982894362879,0,True
topology_052_t06,52,6,9,5,6,749.7081891153937,14.450637413539736,0.019275016097383888,0.00037882816452374565,3.2376312208564917,3.2376050055309196,0.9924051233550792,3.904531160612628,0,False
topology_052_t06,52,6,10,6,7,89.4797902975747,42.8098467884587,0.478430343277403,0.43885910619657575,11.04228416539763,11.032032806443576,0.9747928780107277,16.61988676024919,0,True
topology_052_t06,52,6,11,7,9,410.2582848332561,31.12561320085989,0.07586833551334733,0.006228554387608017,4.997659539189721,4.997459428934947,0.9795398258450432,6.216203860149099,0,False
topology_052_t06,52,6,12,7,10,508.2343371862275,14.171837530280637,0.027884455050284775,0.0007998461062481746,2.5181964935051515,2.518140054380406,0.9691225768558183,3.5019382030222,0,False
topology_052_t06,52,6,13,7,12,39.289438636340606,26.969179217082146,0.6864231242066441,1.502587536958914,13.715264452820456,13.659549463318395,0.9687955528574318,26.38561573848088,0,True
topology_052_t06,52,6,14,8,9,458.365269889802,18.450827585539816,0.04025354623829959,0.0016883083843738237,1.8691480256462185,1.8690565225211393,0.9649781013103484,2.959889604443353,0,False
topology_052_t06,52,6,15,8,13,65.21326327731808,9.970996718558764,0.15289829426503782,0.027597498896398724,15.982072206951603,15.979304429599411,0.9524826136904785,23.646456399494863,0,True
topology_052_t06,52,6,16,9,10,686.1746812426125,2.921311446743757,0.004257387406736539,1.8202844090235428e-05,5.289975184306508,5.289968953254317,0.996000674893524,6.018646378504891,0,False
topology_052_t06,52,6,17,11,12,327.56403571677475,21.413467788675145,0.06537185238244562,0.0045723843164853515,1.256842859783229,1.2566293313458172,0.9682263558651931,2.7830484295410796,0,False
topology_052_t06,52,6,18,12,13,224.697184511216,27.39443469612055,0.12191712484387238,0.016927542662249852,4.691197674209382,4.690579755174001,0.9621859544118593,6.915796778198346,0,False
topology_052_t07,52,7,0,0,1,935.0411260333848,19.156238483584012,0.020487054473045774,0.0004284980641636604,5.0498000741593625,5.04977770556834,0.9414988644548831,5.58451354346789,0,False
topology_052_t07,52,7,1,0,2,876.7313866287163,27.363935893572577,0.031211310911081626,0.0010055298330375044,4.482691021356588,4.482654274821406,0.9602442876591024,5.05295437770998,0,False
topology_052_t07,52,7,2,1,4,27.344544305888476,23.52559380848128,0.8603395816479263,5.29988528234377,9.542771141673741,9.317489462261548,0.9838379348582464,27.602672583500404,1,True
topology_052_t07,52,7,3,2,7,55.30862121787026,35.60222513276022,0.6437011870629874,1.1629317953959875,11.339516356424422,11.306851774616419,0.9770338033356303,20.347033738842452,0,True
topology_052_t07,52,7,4,2,8,16.699271257249954,6.4435758082815315,0.38585970064316827,0.24243272870443525,5.770546252815401,5.732922309849936,0.9429458805118164,35.674348633045085,0,True
topology_052_t07,52,7,5,3,4,112.11639830620356,34.957075317310576,0.3117927069137428,0.1412578638169337,4.55738374793664,4.5533428531382425,0.95332707984135,9.012993783365586,0,False
topology_052_t07,52,7,6,3,5,164.3051375250185,10.381758741244585,0.06318584371510459,0.004261731976619998,1.5999356147735362,1.5995251128457955,0.9759783655723359,4.642643590646684,0,False
topology_052_t07,52,7,7,3,6,656.6238141654667,27.529362429575553,0.041925622914794645,0.0018346778693124671,2.6091719157960034,2.609105271394993,0.9646546582727327,3.370576282974847,0,False
topology_052_t07,52,7,8,3,12,74.76121213978968,28.217756206837656,0.37743845236318074,0.22882843610093817,10.15997827216346,10.151868894705395,0.9760820200412461,16.83982894362879,0,True
topology_052_t07,52,7,9,5,6,749.7081891153937,13.082425445329564,0.017450023402793512,0.00030991127577307095,3.237628694660819,3.2376050055309196,0.9924051233550792,3.904531160612628,0,False
topology_052_t07,52,7,10,6,7,89.4797902975747,36.91000684191991,0.4124954553332289,0.2896190373592383,11.039879432931608,11.032032806443576,0.9747928780107277,16.61988676024919,0,True
topology_052_t07,52,7,11,7,9,410.2582848332561,30.9919401285682,0.07554250888842977,0.006172994111710614,4.9976586095633975,4.997459428934947,0.9795398258450432,6.216203860149099,0,False
topology_052_t07,52,7,12,7,10,508.2343371862275,13.764400081233088,0.027082782634164148,0.0007538946809835122,2.5181948257236195,2.518140054380406,0.9691225768558183,3.5019382030222,0,False
topology_052_t07,52,7,13,7,12,39.289438636340606,24.110234607478727,0.6136568870489807,0.9747158999321615,13.699976938031968,13.659549463318395,0.9687955528574318,26.38561573848088,0,True
topology_052_t07,52,7,14,8,9,458.365269889802,13.54829238384489,0.029557851071705554,0.0009002768077849431,1.869122971988148,1.8690565225211393,0.9649781013103484,2.959889604443353,0,False
topology_052_t07,52,7,15,8,13,65.21326327731808,10.576082174890308,0.16217685856197278,0.03139246477232283,15.98227268043684,15.979304429599411,0.9524826136904785,23.646456399494863,0,True
topology_052_t07,52,7,16,9,10,686.1746812426125,5.654181387483818,0.00824014867066285,6.846420534529073e-05,5.289981061851593,5.289968953254317,0.996000674893524,6.018646378504891,0,False
topology_052_t07,52,7,17,11,12,327.56403571677475,19.039519423172003,0.058124572135978776,0.003586956179175693,1.2568177266566154,1.2566293313458172,0.9682263558651931,2.7830484295410796,0,False
topology_052_t07,52,7,18,12,13,224.697184511216,19.430294846376185,0.08647324570907697,0.008185444146369318,4.691001027430088,4.690579755174001,0.9621859544118593,6.915796778198346,0,False
topology_052_t08,52,8,0,0,1,935.0411260333848,21.071440878674792,0.022535309188017955,0.0005195483427413654,5.049802362085459,5.04977770556834,0.9414988644548831,5.58451354346789,0,False
topology_052_t08,52,8,1,0,2,876.7313866287163,29.87694376205849,0.034077648202996254,0.0012022561698533168,4.482694515087593,4.482654274821406,0.9602442876591024,5.05295437770998,0,False
topology_052_t08,52,8,2,1,4,27.344544305888476,19.552878774488818,0.7150559378778247,1.7944048052319252,9.409261360708193,9.317489462261548,0.9838379348582464,27.602672583500404,0,True
topology_052_t08,52,8,3,2,7,55.30862121787026,33.348308085893976,0.6029495465911038,0.9156220641814082,11.334308101990601,11.306851774616419,0.9770338033356303,20.347033738842452,0,True
topology_052_t08,52,8,4,2,8,16.699271257249954,14.182526067787398,0.8492901186709021,4.785974876438133,6.070378053175412,5.732922309849936,0.9429458805118164,35.674348633045085,0,True
topology_052_t08,52,8,5,3,4,112.11639830620356,25.86643474082828,0.23071053950719939,0.06919027982731753,4.556017759074085,4.5533428531382425,0.95332707984135,9.012993783365586,0,False
topology_052_t08,52,8,6,3,5,164.3051375250185,8.974656906897033,0.05462188853060347,0.0031559337692009318,1.5998767623630907,1.5995251128457955,0.9759783655723359,4.642643590646684,0,False
topology_052_t08,52,8,7,3,6,656.6238141654667,30.717391705207376,0.046780806669717755,0.002295845371119413,2.609180012290742,2.609105271394993,0.9646546582727327,3.370576282974847,0,False
topology_052_t08,52,8,8,3,12,74.76121213978968,30.66718682781278,0.4102018406345633,0.2852934472379846,10.161171784104408,10.151868894705395,0.9760820200412461,16.83982894362879,0,True
topology_052_t08,52,8,9,5,6,749.7081891153937,7.476466577461712,0.009972502216206882,0.00010045256386804895,3.237618441364923,3.2376050055309196,0.9924051233550792,3.904531160612628,0,False
topology_052_t08,52,8,10,6,7,89.4797902975747,37.27663357443424,0.416592768606931,0.2974758033786857,11.040013028230092,11.032032806443576,0.9747928780107277,16.61988676024919,0,True
topology_052_t08,52,8,11,7,9,410.2582848332561,31.6144890118652,0.07705996485778338,0.006434045504340681,4.997662944655285,4.997459428934947,0.9795398258450432,6.216203860149099,0,False
topology_052_t08,52,8,12,7,10,508.2343371862275,13.371226562038368,0.02630917587360666,0.0007108752778577247,2.518193218933004,2.518140054380406,0.9691225768558183,3.5019382030222,0,False
topology_052_t08,52,8,13,7,12,39.289438636340606,28.00404424566161,0.7127626460857444,1.768678699800327,13.722707437369744,13.659549463318395,0.9687955528574318,26.38561573848088,0,True
topology_052_t08,52,8,14,8,9,458.365269889802,17.920328479586427,0.03909617428889136,0.0015907011743825751,1.86914528770065,1.8690565225211393,0.9649781013103484,2.959889604443353,0,False
topology_052_t08,52,8,15,8,13,65.21326327731808,7.938410417194631,0.12172999813606478,0.01687202388190189,15.981429795131705,15.979304429599411,0.9524826136904785,23.646456399494863,0,True
topology_052_t08,52,8,16,9,10,686.1746812426125,5.11815070009935,0.007458961748385631,5.60542166214955e-05,5.289979905299285,5.289968953254317,0.996000674893524,6.018646378504891,0,False
topology_052_t08,52,8,17,11,12,327.56403571677475,22.72018892375166,0.069361060575638,0.005169520122544084,1.2568568611493718,1.2566293313458172,0.9682263558651931,2.7830484295410796,0,False
topology_052_t08,52,8,18,12,13,224.697184511216,22.988934870857072,0.10231073843165825,0.011660479462730317,4.691086976562388,4.690579755174001,0.9621859544118593,6.915796778198346,0,False
topology_052_t09,52,9,0,0,1,935.0411260333848,13.291265979337414,0.01421463250041353,0.000204969340977662,5.049793126924086,5.04977770556834,0.9414988644548831,5.58451354346789,0,False
topology_052_t09,52,9,1,0,2,876.7313866287163,22.785418270299246,0.025989052767821756,0.0006934530517218293,4.482684708893034,4.482654274821406,0.9602442876591024,5.05295437770998,0,False
topology_052_t09,52,9,2,1,4,27.344544305888476,14.788917147900818,0.5408361164283918,0.6370355232604613,9.360564659511597,9.317489462261548,0.9838379348582464,27.602672583500404,0,True
topology_052_t09,52,9,3,2,7,55.30862121787026,26.169838749465004,0.4731602085392342,0.42495002574528223,11.32308993450015,11.306851774616419,0.9770338033356303,20.347033738842452,0,True
topology_052_t09,52,9,4,2,8,16.699271257249954,6.392305258572948,0.3827894738698697,0.23740324427759082,5.770061219003125,5.732922309849936,0.9429458805118164,35.674348633045085,0,True
topology_052_t09,52,9,5,3,4,112.11639830620356,30.20055893553547,0.2693679015004929,0.09930998994951518,4.556631202541361,4.5533428531382425,0.95332707984135,9.012993783365586,0,False
topology_052_t09,52,9,6,3,5,164.3051375250185,9.94227056363628,0.060511014526994845,0.0038974196991172615,1.5999171178384348,1.5995251128457955,0.9759783655723359,4.642643590646684,0,False
topology_052_t09,52,9,7,3,6,656.6238141654667,22.083687918331297,0.03363217635717106,0.0011704893921819163,2.609158273837181,2.609105271394993,0.9646546582727327,3.370576282974847,0,False
topology_052_t09,52,9,8,3,12,74.76121213978968,25.781942706703155,0.34485720561212513,0.1815275895291211,10.158909775665926,10.151868894705395,0.9760820200412461,16.83982894362879,0,True
topology_052_t09,52,9,9,5,6,749.7081891153937,8.280218021155473,0.011044587936174988,0.0001233452198065625,3.237619901904359,3.2376050055309196,0.9924051233550792,3.904531160612628,0,False
topology_052_t09,52,9,10,6,7,89.4797902975747,29.951261210144143,0.3347265467491373,0.1684147481777744,11.037655766591936,11.032032806443576,0.9747928780107277,16.61988676024919,0,True
topology_052_t09,52,9,11,7,9,410.2582848332561,24.687089611330183,0.06017450597338678,0.0038528122424380893,4.997615494809989,4.997459428934947,0.9795398258450432,6.216203860149099,0,False
topology_052_t09,52,9,12,7,10,508.2343371862275,16.23670890781666,0.03194728832709152,0.0010543116290543217,2.518204988206284,2.518140054380406,0.9691225768558183,3.5019382030222,0,False
topology_052_t09,52,9,13,7,12,39.289438636340606,19.962473133096392,0.5080875122158702,0.5247944024202117,13.685838510718547,13.659549463318395,0.9687955528574318,26.38561573848088,0,True
topology_052_t09,52,9,14,8,9,458.365269889802,19.421189132799494,0.042370551192651755,0.0018746954895810504,1.8691530508787368,1.8690565225211393,0.9649781013103484,2.959889604443353,0,False
topology_052_t09,52,9,15,8,13,65.21326327731808,9.176637091954637,0.14071734231319133,0.02304407083112001,15.981815596882175,15.979304429599411,0.9524826136904785,23.646456399494863,0,True
topology_052_t09,52,9,16,9,10,686.1746812426125,4.701268482544629,0.006851416426544584,4.7265744347157935e-05,5.289979007082241,5.289968953254317,0.996000674893524,6.018646378504891,0,False
topology_052_t09,52,9,17,11,12,327.56403571677475,17.298058723203404,0.05280817439360166,0.0029441800566634957,1.2567995342630216,1.2566293313458172,0.9682263558651931,2.7830484295410796,0,False
topology_052_t09,52,9,18,12,13,224.697184511216,20.879679442524694,0.09292363626159482,0.009519377332785841,4.691035671049481,4.690579755174001,0.9621859544118593,6.915796778198346,0,False
topology_052_t10,52,10,0,0,1,935.0411260333848,24.397161618167367,0.026092073320522897,0.0006990355777108277,5.04980635790047,5.04977770556834,0.9414988644548831,5.58451354346789,0,False
topology_052_t10,52,10,1,0,2,876.7313866287163,45.49160163404894,0.05188773018492836,0.002839681153234166,4.48271669691804,4.482654274821406,0.9602442876591024,5.05295437770998,0,False
topology_052_t10,52,10,2,1,4,27.344544305888476,25.494345424504495,0.9323375492863653,12.846908390714574,9.821401532832557,9.317489462261548,0.9838379348582464,27.602672583500404,0,True
topology_052_t10,52,10,3,2,7,55.30862121787026,60.42234490784318,1.0924579853442573,198.00499999999982,38.39980243768923,11.306851774616419,0.9770338033356303,20.347033738842452,1,True
topology_052_t10,52,10,4,2,8,16.699271257249954,6.146069113644019,0.3680441510868755,0.2143448745386644,5.767797426054345,5.732922309849936,0.9429458805118164,35.674348633045085,0,True
topology_052_t10,52,10,5,3,4,112.11639830620356,41.76296391894245,0.3724964817803253,0.22112008125848584,4.5586374984533515,4.5533428531382425,0.95332707984135,9.012993783365586,0,False
topology_052_t10,52,10,6,3,5,164.3051375250185,47.33017953098059,0.2880626877767209,0.1165553633226688,1.6019877141813001,1.5995251128457955,0.9759783655723359,4.642643590646684,0,False
topology_052_t10,52,10,7,3,6,656.6238141654667,36.49919473243742,0.0555861574695184,0.0032716810820425588,2.6091949084707156,2.609105271394993,0.9646546582727327,3.370576282974847,0,False
topology_052_t10,52,10,8,3,12,74.76121213978968,79.43835208602852,1.0625610502073382,198.00499999999982,32.721003019057505,10.151868894705395,0.9760820200412461,16.83982894362879,1,True
topology_052_t10,52,10,9,5,6,749.7081891153937,24.050359422077975,0.03207962747539922,0.0010632098757010434,3.237649213181086,3.2376050055309196,0.9924051233550792,3.904531160612628,0,False
topology_052_t10,52,10,10,6,7,89.4797902975747,72.14881625297765,0.8063140963231918,3.3566842479891488,11.07855725995948,11.032032806443576,0.9747928780107277,16.61988676024919,0,True
topology_052_t10,52,10,11,7,9,410.2582848332561,47.373861287071406,0.1154732592574599,0.015074811183601862,4.997777638402659,4.997459428934947,0.9795398258450432,6.216203860149099,0,False
topology_052_t10,52,10,12,7,10,508.2343371862275,29.143898337114717,0.057343426456516244,0.0034882996099132413,2.5182597466593712,2.518140054380406,0.9691225768558183,3.5019382030222,0,False
topology_052_t10,52,10,13,7,12,39.289438636340606,35.097410905136094,0.8933039545307447,7.479114635136223,13.872645371029403,13.659549463318395,0.9687955528574318,26.38561573848088,0,True
topology_052_t10,52,10,14,8,9,458.365269889802,30.33214734789926,0.0661746195456553,0.004689399499809719,1.8692111241537248,1.8690565225211393,0.9649781013103484,2.959889604443353,0,False
topology_052_t10,52,10,15,8,13,65.21326327731808,14.947848487149528,0.2292148519478945,0.06816354529698787,15.983864520327892,15.979304429599411,0.9524826136904785,23.646456399494863,0,True
topology_052_t10,52,10,16,9,10,686.1746812426125,7.587987648711924,0.01105839060539312,0.0001236554328584748,5.289985249463349,5.289968953254317,0.996000674893524,6.018646378504891,0,False
topology_052_t10,52,10,17,11,12,327.56403571677475,39.7820228073963,0.12144807875609843,0.016788576152294052,1.2570513454860628,1.2566293313458172,0.9682263558651931,2.7830484295410796,0,False
topology_052_t10,52,10,18,12,13,224.697184511216,32.39699235162452,0.14418067775124876,0.02429025297324055,4.691329523939867,4.690579755174001,0.9621859544118593,6.915796778198346,0,False
topology_052_t11,52,11,0,0,1,935.0411260333848,23.49865829339646,0.025131149464069094,0.0006478560403670445,5.049805275484558,5.04977770556834,0.9414988644548831,5.58451354346789,0,False
topology_052_t11,52,11,1,0,2,876.7313866287163,32.40708303695728,0.03696352558059066,0.0014187440036169863,4.482698053645992,4.482654274821406,0.9602442876591024,5.05295437770998,0,False
topology_052_t11,52,11,2,1,4,27.344544305888476,31.094356535429057,1.137132006574821,198.00499999999982,45.45083313349303,9.317489462261548,0.9838379348582464,27.602672583500404,1,True
topology_052_t11,52,11,3,2,7,55.30862121787026,60.56615954723126,1.0950582063626326,198.00499999999982,38.71182895989427,11.306851774616419,0.9770338033356303,20.347033738842452,1,True
topology_052_t11,52,11,4,2,8,16.699271257249954,3.699520707038682,0.22153785336186707,0.06304612328825082,5.749964010189199,5.732922309849936,0.9429458805118164,35.674348633045085,0,True
topology_052_t11,52,11,5,3,4,112.11639830620356,41.353785711822105,0.3688468978362993,0.21555472606736067,4.558555307629579,4.5533428531382425,0.95332707984135,9.012993783365586,0,False
topology_052_t11,52,11,6,3,5,164.3051375250185,23.182263619097046,0.14109274955305107,0.02317731508970371,1.6005248993839234,1.5995251128457955,0.9759783655723359,4.642643590646684,0,False
topology_052_t11,52,11,7,3,6,656.6238141654667,25.83832010860316,0.039350263501244265,0.0016118707774395587,2.6091676543506446,2.609105271394993,0.9646546582727327,3.370576282974847,0,False
topology_052_t11,52,11,8,3,12,74.76121213978968,33.318341436803344,0.44566347285145924,0.35829486477408684,10.162622577191472,10.151868894705395,0.9760820200412461,16.83982894362879,0,True
topology_052_t11,52,11,9,5,6,749.7081891153937,17.114003601957542,0.02282755324061611,0.0005332704464614081,3.237636165419562,3.2376050055309196,0.9924051233550792,3.904531160612628,0,False
topology_052_t11,52,11,10,6,7,89.4797902975747,52.747999262491994,0.589496232468503,0.8465350030384217,11.048081472077808,11.032032806443576,0.9747928780107277,16.61988676024919,0,True
topology_052_t11,52,11,11,7,9,410.2582848332561,39.86859832040242,0.09717926436660863,0.01046033730739439,4.997721799265184,4.997459428934947,0.9795398258450432,6.216203860149099,0,False
topology_052_t11,52,11,12,7,10,508.2343371862275,21.900283329073496,0.04309091638774651,0.0019404425215887703,2.5182286579154574,2.518140054380406,0.9691225768558183,3.5019382030222,0,False
topology_052_t11,52,11,13,7,12,39.289438636340606,35.00929752561087,0.8910612811156117,7.288411455857312,13.8677344876116,13.659549463318395,0.9687955528574318,26.38561573848088,0,True
topology_052_t11,52,11,14,8,9,458.365269889802,21.225247928929676,0.04630640522575489,0.002248398412950867,1.86916245289333,1.8690565225211393,0.9649781013103484,2.959889604443353,0,False
topology_052_t11,52,11,15,8,13,65.21326327731808,20.25956552048077,0.3106663353791602,0.1400099500305169,15.986215236738339,15.979304429599411,0.9524826136904785,23.646456399494863,0,True
topology_052_t11,52,11,16,9,10,686.1746812426125,9.800026004883485,0.014282115433254328,0.00020693428053043456,5.289990068941197,5.289968953254317,0.996000674893524,6.018646378504891,0,False
topology_052_t11,52,11,17,11,12,327.56403571677475,38.400405884568684,0.11723022584131075,0.015567961492453925,1.2570347427245212,1.2566293313458172,0.9682263558651931,2.7830484295410796,0,False
topology_052_t11,52,11,18,12,13,224.697184511216,27.82477568094003,0.12383232901412312,0.01750172508854098,4.691208753060246,4.690579755174001,0.9621859544118593,6.915796778198346,0,False
