snapshot_id,topology_id,timestep,source,target,demand_mbps,path_hops,e2e_latency_ms,path_bottleneck_count
topology_267_t00,267,0,0,1,1.648171536114841,1,2.4575890526777298,0
topology_267_t00,267,0,0,2,1.720835649077965,1,4.926179122459846,0
topology_267_t00,267,0,0,3,0.8081554727954539,2,12.696507266846933,0
topology_267_t00,267,0,0,4,0.7118816607487018,2,10.88837264960172,0
topology_267_t00,267,0,0,5,2.0775109958042743,1,9.702136307735454,0
topology_267_t00,267,0,0,6,0.8739585893597491,3,39.781066119003164,1
topology_267_t00,267,0,0,7,0.7487341091006245,2,36.05326410651287,1
topology_267_t00,267,0,0,8,1.6462579369377086,3,38.31201635279274,1
topology_267_t00,267,0,0,9,1.8041256127644696,4,42.98534801966123,1
topology_267_t00,267,0,0,10,4.097033417101408,3,40.53038309121402,1
topology_267_t00,267,0,1,0,0.500864866156688,1,2.4575890526777298,0
topology_267_t00,267,0,1,2,0.36959092411952205,2,7.383768175137575,0
topology_267_t00,267,0,1,3,1.1206984068956403,2,13.540068381242822,0
topology_267_t00,267,0,1,4,0.7079702542273503,1,8.430783596923991,0
topology_267_t00,267,0,1,5,1.0733779919227506,2,12.159725360413184,0
topology_267_t00,267,0,1,6,1.0165202040092922,4,42.2386551716809,1
topology_267_t00,267,0,1,7,0.9892914631928513,3,38.5108531591906,1
topology_267_t00,267,0,1,8,0.5027444940420359,4,40.76960540547047,1
topology_267_t00,267,0,1,9,0.3379384148899968,5,45.442937072338964,1
topology_267_t00,267,0,1,10,0.9702036436944307,4,42.98797214389175,1
topology_267_t00,267,0,2,0,0.6591727428887975,1,4.926179122459846,0
topology_267_t00,267,0,2,1,0.8125385332122071,2,7.383768175137575,0
topology_267_t00,267,0,2,3,0.8569358494336254,3,17.62268638930678,0
topology_267_t00,267,0,2,4,0.837426764350942,3,15.814551772061566,0
topology_267_t00,267,0,2,5,0.8252800069498517,2,14.6283154301953,0
topology_267_t00,267,0,2,6,1.3022175372235958,2,34.854886996543314,1
topology_267_t00,267,0,2,7,0.8909933840527292,1,31.127084984053024,1
topology_267_t00,267,0,2,8,1.1817278631293473,2,33.385837230332896,1
topology_267_t00,267,0,2,9,1.2002857661406967,3,38.05916889720138,1
topology_267_t00,267,0,2,10,1.2154925797079494,2,35.60420396875418,1
topology_267_t00,267,0,3,0,1.9500381325358183,2,12.696507266846933,0
topology_267_t00,267,0,3,1,1.1122411412662168,2,13.540068381242822,0
topology_267_t00,267,0,3,2,1.9289543738435837,3,17.62268638930678,0
topology_267_t00,267,0,3,4,1.3340637504356594,1,5.109284784318831,0
topology_267_t00,267,0,3,5,0.9997992667630724,1,2.994370959111478,0
topology_267_t00,267,0,3,6,1.0471096401611744,1,7.239604284692191,0
topology_267_t00,267,0,3,7,1.8306475078843822,2,10.967406297182485,0
topology_267_t00,267,0,3,8,1.5372033675060799,3,13.226158543462356,0
topology_267_t00,267,0,3,9,1.8733504042511542,2,10.443886185350255,0
topology_267_t00,267,0,3,10,0.9687140207246125,1,9.903697589405025,0
topology_267_t00,267,0,4,0,0.3808247948964273,2,10.88837264960172,0
topology_267_t00,267,0,4,1,0.6272753049986005,1,8.430783596923991,0
topology_267_t00,267,0,4,2,1.2043748670100907,3,15.814551772061566,0
topology_267_t00,267,0,4,3,0.6549307911125054,1,5.109284784318831,0
topology_267_t00,267,0,4,5,0.7172103430352051,2,8.10365574343031,0
topology_267_t00,267,0,4,6,2.372758108723664,2,12.348889069011022,0
topology_267_t00,267,0,4,7,1.32431443872926,3,16.076691081501316,0
topology_267_t00,267,0,4,8,0.8572606103883443,4,18.33544332778119,0
topology_267_t00,267,0,4,9,1.0908850145533178,3,15.553170969669086,0
topology_267_t00,267,0,4,10,1.689535425048481,2,15.012982373723856,0
topology_267_t00,267,0,5,0,3.501640351579837,1,9.702136307735454,0
topology_267_t00,267,0,5,1,1.6214389211020597,2,12.159725360413184,0
topology_267_t00,267,0,5,2,0.951574788732115,2,14.6283154301953,0
topology_267_t00,267,0,5,3,0.6709198662678754,1,2.994370959111478,0
topology_267_t00,267,0,5,4,0.9168243731355782,2,8.10365574343031,0
topology_267_t00,267,0,5,6,2.8241229517615567,2,10.23397524380367,0
topology_267_t00,267,0,5,7,1.2737223946973946,2,10.71084566337568,0
topology_267_t00,267,0,5,8,1.6328208742123265,1,8.45209341709581,0
topology_267_t00,267,0,5,9,1.0907519104573709,3,13.438257144461733,0
topology_267_t00,267,0,5,10,1.8505104866655064,2,12.898068548516504,0
topology_267_t00,267,0,6,0,0.9211757510208384,3,39.78106611900316,1
topology_267_t00,267,0,6,1,1.508701105795476,4,42.23865517168089,1
topology_267_t00,267,0,6,2,1.2283051967411995,2,34.854886996543314,1
topology_267_t00,267,0,6,3,2.0553120022992384,1,7.239604284692191,0
topology_267_t00,267,0,6,4,1.414614167600227,2,12.348889069011022,0
topology_267_t00,267,0,6,5,0.8508676262829161,2,10.23397524380367,0
topology_267_t00,267,0,6,7,1.0073113548234636,1,3.7278020124902937,0
topology_267_t00,267,0,6,8,1.6908680868188752,2,5.986554258770164,0
topology_267_t00,267,0,6,9,2.1365267635436282,1,3.2042819006580645,0
topology_267_t00,267,0,6,10,2.2279952878178193,2,8.070525198289587,0
topology_267_t00,267,0,7,0,1.0635644080342863,2,36.05326410651287,1
topology_267_t00,267,0,7,1,0.9962544181672179,3,38.5108531591906,1
topology_267_t00,267,0,7,2,1.1603040638107258,1,31.127084984053024,1
topology_267_t00,267,0,7,3,0.588170371567343,2,10.967406297182485,0
topology_267_t00,267,0,7,4,0.8342533782209572,3,16.076691081501316,0
topology_267_t00,267,0,7,5,1.2130631942395709,2,10.71084566337568,0
topology_267_t00,267,0,7,6,0.37302251402762315,1,3.7278020124902937,0
topology_267_t00,267,0,7,8,0.8175530054884482,1,2.258752246279871,0
topology_267_t00,267,0,7,9,0.36534371728520776,2,6.932083913148358,0
topology_267_t00,267,0,7,10,0.34396829972510096,1,4.477118984701152,0
topology_267_t00,267,0,8,0,1.0779697696110808,3,38.31201635279274,1
topology_267_t00,267,0,8,1,1.5059046801503908,4,40.76960540547047,1
topology_267_t00,267,0,8,2,1.298535120396001,2,33.385837230332896,1
topology_267_t00,267,0,8,3,0.9449449820178814,3,13.226158543462354,0
topology_267_t00,267,0,8,4,1.4292516378173226,4,18.335443327781185,0
topology_267_t00,267,0,8,5,1.915880848458359,1,8.45209341709581,0
topology_267_t00,267,0,8,6,1.2845043659193875,2,5.986554258770164,0
topology_267_t00,267,0,8,7,1.9996656011825242,1,2.258752246279871,0
topology_267_t00,267,0,8,9,0.5701204270231581,3,9.19083615942823,0
topology_267_t00,267,0,8,10,1.3110735396300157,2,6.735871230981022,0
topology_267_t00,267,0,9,0,0.4196654749383945,4,42.98534801966123,1
topology_267_t00,267,0,9,1,0.7081125541904209,5,45.442937072338964,1
topology_267_t00,267,0,9,2,1.0720230505325914,3,38.05916889720138,1
topology_267_t00,267,0,9,3,0.7858668216728227,2,10.443886185350255,0
topology_267_t00,267,0,9,4,0.31457039740217196,3,15.553170969669086,0
topology_267_t00,267,0,9,5,0.9931807823954898,3,13.438257144461733,0
topology_267_t00,267,0,9,6,0.5987975390008381,1,3.2042819006580645,0
topology_267_t00,267,0,9,7,0.8234204783120407,2,6.932083913148358,0
topology_267_t00,267,0,9,8,0.4614804233792696,3,9.19083615942823,0
topology_267_t00,267,0,9,10,0.9122980325344717,1,4.866243297631524,0
topology_267_t00,267,0,10,0,1.2157950762801781,3,40.53038309121402,1
topology_267_t00,267,0,10,1,0.5704950078495324,4,42.98797214389175,1
topology_267_t00,267,0,10,2,0.715663955910994,2,35.60420396875418,1
topology_267_t00,267,0,10,3,0.382085287846461,1,9.903697589405025,0
topology_267_t00,267,0,10,4,0.1997734083202658,2,15.012982373723856,0
topology_267_t00,267,0,10,5,0.6322948786590384,2,12.898068548516504,0
topology_267_t00,267,0,10,6,0.6208259417027023,2,8.070525198289587,0
topology_267_t00,267,0,10,7,0.7688859043971967,1,4.477118984701152,0
topology_267_t00,267,0,10,8,0.35346113005351587,2,6.735871230981022,0
topology_267_t00,267,0,10,9,1.0730474827626237,1,4.866243297631524,0
topology_267_t01,267,1,0,1,0.3691943990578212,1,2.4574608769319175,0
topology_267_t01,267,1,0,2,0.37319133813387617,1,4.926141025205452,0
topology_267_t01,267,1,0,3,0.3927562657848013,2,12.694862735039226,0
topology_267_t01,267,1,0,4,0.12744903458344423,2,10.887756772553104,0
topology_267_t01,267,1,0,5,0.617684273453692,1,9.700895976169177,0
topology_267_t01,267,1,0,6,0.8495583230982502,3,14.779495005810956,0
topology_267_t01,267,1,0,7,1.2603443030957793,2,11.05174221844868,0
topology_267_t01,267,1,0,8,0.5115964328136078,3,13.310479760924729,0
topology_267_t01,267,1,0,9,0.23104963419254224,4,17.98375741946022,0
topology_267_t01,267,1,0,10,0.3204566652894457,3,15.528737407999422,0
topology_267_t01,267,1,1,0,0.1577772189196407,1,2.4574608769319175,0
topology_267_t01,267,1,1,2,0.18724640153338443,2,7.38360190213737,0
topology_267_t01,267,1,1,3,0.17312139159690398,2,13.53953501197144,0
topology_267_t01,267,1,1,4,0.15891067646936013,1,8.430295895621187,0
topology_267_t01,267,1,1,5,0.6392149671985915,2,12.158356853101093,0
topology_267_t01,267,1,1,6,0.41875862150624366,4,17.236955882742876,0
topology_267_t01,267,1,1,7,0.184321900816738,3,13.509203095380599,0
topology_267_t01,267,1,1,8,0.23058732262235573,4,15.767940637856647,0
topology_267_t01,267,1,1,9,0.2871725435478629,5,20.44121829639214,0
topology_267_t01,267,1,1,10,0.6749000027311991,4,17.98619828493134,0
topology_267_t01,267,1,2,0,0.398034618519556,1,4.926141025205452,0
topology_267_t01,267,1,2,1,0.5268102725382761,2,7.38360190213737,0
topology_267_t01,267,1,2,3,0.34287451843744576,3,17.62100376024468,0
topology_267_t01,267,1,2,4,0.3812825714183388,3,15.813897797758557,0
topology_267_t01,267,1,2,5,0.4411767272078116,2,14.627037001374628,0
topology_267_t01,267,1,2,6,0.39257521691745756,2,9.853353980605505,0
topology_267_t01,267,1,2,7,0.9743156024644456,1,6.125601193243229,0
topology_267_t01,267,1,2,8,1.7286078825782145,2,8.384338735719279,0
topology_267_t01,267,1,2,9,0.4540324796469953,3,13.057616394254769,0
topology_267_t01,267,1,2,10,0.1785410969568529,2,10.602596382793969,0
topology_267_t01,267,1,3,0,0.6030955354634474,2,12.694862735039226,0
topology_267_t01,267,1,3,1,0.7024006354125805,2,13.53953501197144,0
topology_267_t01,267,1,3,2,0.4756303827795112,3,17.62100376024468,0
topology_267_t01,267,1,3,4,0.6204332750007807,1,5.109239116350253,0
topology_267_t01,267,1,3,5,0.22221015110549813,1,2.9939667588700507,0
topology_267_t01,267,1,3,6,0.8265334186958463,1,7.236083480186637,0
topology_267_t01,267,1,3,7,0.8293675625182962,2,10.963836267548913,0
topology_267_t01,267,1,3,8,1.2161761457799511,3,13.222573810024961,0
topology_267_t01,267,1,3,9,0.5523414354264392,2,10.4403458938359,0
topology_267_t01,267,1,3,10,0.5474577579633253,1,9.903360075661885,0
topology_267_t01,267,1,4,0,0.5378953438559226,2,10.887756772553104,0
topology_267_t01,267,1,4,1,0.5877246111714877,1,8.430295895621187,0
topology_267_t01,267,1,4,2,1.2640116164037565,3,15.813897797758557,0
topology_267_t01,267,1,4,3,0.24286882416638556,1,5.109239116350253,0
topology_267_t01,267,1,4,5,0.2377367479892548,2,8.103205875220304,0
topology_267_t01,267,1,4,6,0.6437227168592211,2,12.345322596536889,0
topology_267_t01,267,1,4,7,0.7586328919486139,3,16.073075383899166,0
topology_267_t01,267,1,4,8,0.3131361640330509,4,18.331812926375214,0
topology_267_t01,267,1,4,9,0.44263556100820495,3,15.549585010186153,0
topology_267_t01,267,1,4,10,0.5014294664085831,2,15.012599192012138,0
topology_267_t01,267,1,5,0,0.7263412368440558,1,9.700895976169177,0
topology_267_t01,267,1,5,1,1.6025349858383022,2,12.158356853101093,0
topology_267_t01,267,1,5,2,0.567531814504582,2,14.627037001374628,0
topology_267_t01,267,1,5,3,1.1671402607853785,1,2.9939667588700507,0
topology_267_t01,267,1,5,4,0.3867581590523767,2,8.103205875220304,0
topology_267_t01,267,1,5,6,0.42350008124575717,2,10.230050239056688,0
topology_267_t01,267,1,5,7,0.21995310672130536,2,10.707421757500011,0
topology_267_t01,267,1,5,8,0.9126842432521995,1,8.448684215023961,0
topology_267_t01,267,1,5,9,2.246597975752238,3,13.434312652705952,0
topology_267_t01,267,1,5,10,0.9140904103279566,2,12.897326834531935,0
topology_267_t01,267,1,6,0,0.40480624095798295,3,14.779495005810958,0
topology_267_t01,267,1,6,1,0.2886086347583493,4,17.236955882742876,0
topology_267_t01,267,1,6,2,0.32798270666249524,2,9.853353980605505,0
topology_267_t01,267,1,6,3,1.6898862770683947,1,7.236083480186637,0
topology_267_t01,267,1,6,4,0.49404475796886255,2,12.345322596536889,0
topology_267_t01,267,1,6,5,1.3842376854491731,2,10.230050239056688,0
topology_267_t01,267,1,6,7,0.3002751155691953,1,3.727752787362276,0
topology_267_t01,267,1,6,8,0.379684203380094,2,5.986490329838325,0
topology_267_t01,267,1,6,9,1.1346284104098814,1,3.204262413649264,0
topology_267_t01,267,1,6,10,0.3922467670532883,2,8.07049810212994,0
topology_267_t01,267,1,7,0,0.4742249695140394,2,11.05174221844868,0
topology_267_t01,267,1,7,1,0.6230040618043351,3,13.509203095380599,0
topology_267_t01,267,1,7,2,0.5320360386902483,1,6.125601193243229,0
topology_267_t01,267,1,7,3,0.5977065170658724,2,10.963836267548913,0
topology_267_t01,267,1,7,4,0.1651858548811708,3,16.073075383899166,0
topology_267_t01,267,1,7,5,0.14912107099714844,2,10.707421757500011,0
topology_267_t01,267,1,7,6,0.1919691721840316,1,3.727752787362276,0
topology_267_t01,267,1,7,8,0.2967382310608891,1,2.258737542476049,0
topology_267_t01,267,1,7,9,0.3037153298095275,2,6.93201520101154,0
topology_267_t01,267,1,7,10,0.10745365795540726,1,4.476995189550741,0
topology_267_t01,267,1,8,0,0.2593227403145338,3,13.310479760924732,0
topology_267_t01,267,1,8,1,0.659726071427806,4,15.76794063785665,0
topology_267_t01,267,1,8,2,0.10769385381273491,2,8.384338735719279,0
topology_267_t01,267,1,8,3,0.5289330162300483,3,13.222573810024961,0
topology_267_t01,267,1,8,4,0.92304679953758,4,18.331812926375214,0
topology_267_t01,267,1,8,5,1.1971418739463238,1,8.448684215023961,0
topology_267_t01,267,1,8,6,1.1332277665064492,2,5.986490329838325,0
topology_267_t01,267,1,8,7,0.2869699252709408,1,2.258737542476049,0
topology_267_t01,267,1,8,9,0.9574293408574822,3,9.19075274348759,0
topology_267_t01,267,1,8,10,0.3300859093325707,2,6.73573273202679,0
topology_267_t01,267,1,9,0,0.3582080239842791,4,17.983757419460222,0
topology_267_t01,267,1,9,1,0.18278744013745876,5,20.44121829639214,0
topology_267_t01,267,1,9,2,0.15704907170853438,3,13.057616394254769,0
topology_267_t01,267,1,9,3,0.4261608355874835,2,10.4403458938359,0
topology_267_t01,267,1,9,4,0.2640858155336285,3,15.549585010186153,0
topology_267_t01,267,1,9,5,0.1597717040118968,3,13.434312652705952,0
topology_267_t01,267,1,9,6,0.17291658187447048,1,3.204262413649264,0
topology_267_t01,267,1,9,7,0.6778643698854632,2,6.93201520101154,0
topology_267_t01,267,1,9,8,0.10037220396305302,3,9.19075274348759,0
topology_267_t01,267,1,9,10,0.2157791603293655,1,4.866235688480677,0
topology_267_t01,267,1,10,0,1.0308380879360926,3,15.528737407999422,0
topology_267_t01,267,1,10,1,0.19792879367436017,4,17.98619828493134,0
topology_267_t01,267,1,10,2,0.09728168811833915,2,10.602596382793969,0
topology_267_t01,267,1,10,3,0.35023475978125024,1,9.903360075661885,0
topology_267_t01,267,1,10,4,0.5209744501241961,2,15.012599192012138,0
topology_267_t01,267,1,10,5,0.27453824952361855,2,12.897326834531935,0
topology_267_t01,267,1,10,6,0.38844551899032137,2,8.07049810212994,0
topology_267_t01,267,1,10,7,0.14447620527472693,1,4.476995189550741,0
topology_267_t01,267,1,10,8,0.27308730672238585,2,6.73573273202679,0
topology_267_t01,267,1,10,9,1.107721612588838,1,4.866235688480677,0
topology_267_t02,267,2,0,1,0.7890729047245756,1,2.457509580843341,0
topology_267_t02,267,2,0,2,0.2945543835093049,1,4.926147543344588,0
topology_267_t02,267,2,0,3,0.686872272427445,2,12.694940716636943,0
topology_267_t02,267,2,0,4,0.21723200802226725,2,10.888153083838304,0
topology_267_t02,267,2,0,5,0.4578884666210723,1,9.700906943621439,0
topology_267_t02,267,2,0,6,0.2192201726115146,3,14.78315912644317,0
topology_267_t02,267,2,0,7,0.5291801371090984,2,11.05539350749206,0
topology_267_t02,267,2,0,8,0.3963644572594504,3,13.314133575250494,0
topology_267_t02,267,2,0,9,0.66186774217677,4,17.98742318166268,0
topology_267_t02,267,2,0,10,0.6891139680284746,3,15.532404603689335,0
topology_267_t02,267,2,1,0,0.11480299313762174,1,2.457509580843341,0
topology_267_t02,267,2,1,2,0.27031625657676805,2,7.383657124187929,0
topology_267_t02,267,2,1,3,0.7530285259076739,2,13.539901078701144,0
topology_267_t02,267,2,1,4,0.600287443572446,1,8.430643502994963,0
topology_267_t02,267,2,1,5,0.47578872194436067,2,12.15841652446478,0
topology_267_t02,267,2,1,6,0.7325786111624123,4,17.24066870728651,0
topology_267_t02,267,2,1,7,0.2144171037550518,3,13.512903088335399,0
topology_267_t02,267,2,1,8,0.30864757938288345,4,15.771643156093834,0
topology_267_t02,267,2,1,9,0.9416019299719803,5,20.44493276250602,0
topology_267_t02,267,2,1,10,0.602284515551315,4,17.989914184532672,0
topology_267_t02,267,2,2,0,0.6645432104495946,1,4.926147543344588,0
topology_267_t02,267,2,2,1,0.9277513998385505,2,7.383657124187929,0
topology_267_t02,267,2,2,3,0.35485689700682455,3,17.621088259981533,0
topology_267_t02,267,2,2,4,1.9934670679300324,3,15.814300627182892,0
topology_267_t02,267,2,2,5,0.8920685234596708,2,14.627054486966028,0
topology_267_t02,267,2,2,6,0.877671633715523,2,9.857011583098583,0
topology_267_t02,267,2,2,7,0.48926582847042493,1,6.12924596414747,0
topology_267_t02,267,2,2,8,0.24105939549335972,2,8.387986031905905,0
topology_267_t02,267,2,2,9,0.4996894240988462,3,13.061275638318095,0
topology_267_t02,267,2,2,10,0.299749576547057,2,10.606257060344745,0
topology_267_t02,267,2,3,0,0.6638363756799248,2,12.694940716636943,0
topology_267_t02,267,2,3,1,0.6214661346621612,2,13.539901078701144,0
topology_267_t02,267,2,3,2,0.5029896703096353,3,17.62108825998153,0
topology_267_t02,267,2,3,4,0.537319524641308,1,5.109257575706181,0
topology_267_t02,267,2,3,5,0.38881605334213215,1,2.9940337730155044,0
topology_267_t02,267,2,3,6,1.1119494416599982,1,7.236888808569913,0
topology_267_t02,267,2,3,7,0.40541328030597895,2,10.964654427521024,0
topology_267_t02,267,2,3,8,0.7328468637928546,3,13.223394495279459,0
topology_267_t02,267,2,3,9,0.6004951725853243,2,10.441152863789425,0
topology_267_t02,267,2,3,10,0.38437281139802354,1,9.903257719531819,0
topology_267_t02,267,2,4,0,0.47197503036034694,2,10.888153083838304,0
topology_267_t02,267,2,4,1,1.0396561043192958,1,8.430643502994963,0
topology_267_t02,267,2,4,2,0.2305964778434467,3,15.814300627182892,0
topology_267_t02,267,2,4,3,0.893200733715727,1,5.109257575706181,0
topology_267_t02,267,2,4,5,0.14482854641975712,2,8.103291348721685,0
topology_267_t02,267,2,4,6,0.6248378731691614,2,12.346146384276093,0
topology_267_t02,267,2,4,7,0.2005530426452526,3,16.073912003227203,0
topology_267_t02,267,2,4,8,0.7113309865469146,4,18.332652070985638,0
topology_267_t02,267,2,4,9,0.4117477453139105,3,15.550410439495606,0
topology_267_t02,267,2,4,10,0.44026155367520264,2,15.012515295238,0
topology_267_t02,267,2,5,0,0.4052848283922881,1,9.700906943621439,0
topology_267_t02,267,2,5,1,1.185904299617256,2,12.15841652446478,0
topology_267_t02,267,2,5,2,0.8736325496267048,2,14.627054486966028,0
topology_267_t02,267,2,5,3,1.505081476447146,1,2.9940337730155044,0
topology_267_t02,267,2,5,4,0.43636767789681835,2,8.103291348721685,0
topology_267_t02,267,2,5,6,1.0261369502897195,2,10.230922581585418,0
topology_267_t02,267,2,5,7,0.3997907973307933,2,10.706924080207926,0
topology_267_t02,267,2,5,8,0.19399861167851137,1,8.448184012449492,0
topology_267_t02,267,2,5,9,0.7541618681051039,3,13.43518663680493,0
topology_267_t02,267,2,5,10,0.4058576597910541,2,12.897291492547323,0
topology_267_t02,267,2,6,0,0.32086427565289605,3,14.78315912644317,0
topology_267_t02,267,2,6,1,0.4619339228727167,4,17.24066870728651,0
topology_267_t02,267,2,6,2,0.53785903951454,2,9.857011583098583,0
topology_267_t02,267,2,6,3,1.2088398479592668,1,7.236888808569913,0
topology_267_t02,267,2,6,4,3.7404851367332537,2,12.346146384276093,0
topology_267_t02,267,2,6,5,2.5948644571216266,2,10.230922581585418,0
topology_267_t02,267,2,6,7,0.3171491679661664,1,3.7277656189511115,0
topology_267_t02,267,2,6,8,2.0323265499235394,2,5.986505686709546,0
topology_267_t02,267,2,6,9,0.3574434285962781,1,3.2042640552195123,0
topology_267_t02,267,2,6,10,0.6479634028369341,2,8.070500113642584,0
topology_267_t02,267,2,7,0,0.7667988732891978,2,11.05539350749206,0
topology_267_t02,267,2,7,1,0.9614425206589715,3,13.5129030883354,0
topology_267_t02,267,2,7,2,0.25454642310592684,1,6.12924596414747,0
topology_267_t02,267,2,7,3,0.30843777160609126,2,10.964654427521024,0
topology_267_t02,267,2,7,4,0.21029222870940972,3,16.073912003227207,0
topology_267_t02,267,2,7,5,0.570136982725891,2,10.706924080207926,0
topology_267_t02,267,2,7,6,0.6790382523473504,1,3.7277656189511115,0
topology_267_t02,267,2,7,8,0.46623833667321846,1,2.258740067758435,0
topology_267_t02,267,2,7,9,0.7265078911211806,2,6.932029674170623,0
topology_267_t02,267,2,7,10,0.9229554209958478,1,4.477011096197275,0
topology_267_t02,267,2,8,0,0.26460180016958945,3,13.314133575250494,0
topology_267_t02,267,2,8,1,0.8960658596957402,4,15.771643156093836,0
topology_267_t02,267,2,8,2,0.5100570418921924,2,8.387986031905905,0
topology_267_t02,267,2,8,3,0.8841621254992906,3,13.223394495279459,0
topology_267_t02,267,2,8,4,0.5057514227941156,4,18.332652070985638,0
topology_267_t02,267,2,8,5,0.7223189856852442,1,8.448184012449492,0
topology_267_t02,267,2,8,6,1.9418372535389157,2,5.986505686709546,0
topology_267_t02,267,2,8,7,0.3726841345387415,1,2.258740067758435,0
topology_267_t02,267,2,8,9,0.6924975385681287,3,9.190769741929058,0
topology_267_t02,267,2,8,10,0.22555047267180955,2,6.73575116395571,0
topology_267_t02,267,2,9,0,0.3351088579625869,4,17.98742318166268,0
topology_267_t02,267,2,9,1,0.6268207447307425,5,20.44493276250602,0
topology_267_t02,267,2,9,2,0.5606405009833956,3,13.061275638318094,0
topology_267_t02,267,2,9,3,0.10814852392539998,2,10.441152863789425,0
topology_267_t02,267,2,9,4,0.6826538851807513,3,15.550410439495606,0
topology_267_t02,267,2,9,5,1.0294897303754516,3,13.435186636804929,0
topology_267_t02,267,2,9,6,0.3640219944212293,1,3.2042640552195123,0
topology_267_t02,267,2,9,7,0.17569193690250876,2,6.932029674170623,0
topology_267_t02,267,2,9,8,0.3075313366608837,3,9.190769741929058,0
topology_267_t02,267,2,9,10,0.8681498104891305,1,4.866236058423072,0
topology_267_t02,267,2,10,0,0.24634460443996636,3,15.532404603689333,0
topology_267_t02,267,2,10,1,0.5029994253859645,4,17.989914184532672,0
topology_267_t02,267,2,10,2,0.5675868132823328,2,10.606257060344745,0
topology_267_t02,267,2,10,3,0.38488258719873464,1,9.903257719531819,0
topology_267_t02,267,2,10,4,0.5668396155851956,2,15.012515295238,0
topology_267_t02,267,2,10,5,0.10228153559425437,2,12.897291492547323,0
topology_267_t02,267,2,10,6,0.2248047597737107,2,8.070500113642584,0
topology_267_t02,267,2,10,7,0.09149804052768569,1,4.477011096197275,0
topology_267_t02,267,2,10,8,0.29114185902176204,2,6.73575116395571,0
topology_267_t02,267,2,10,9,0.49657790027449905,1,4.866236058423072,0
topology_267_t03,267,3,0,1,0.45663737700549145,1,2.4574861917806317,0
topology_267_t03,267,3,0,2,0.1452018814488464,1,4.926156239121733,0
topology_267_t03,267,3,0,3,0.670965809061971,2,12.695291996466342,0
topology_267_t03,267,3,0,4,0.5541731293005147,2,10.888197655691592,0
topology_267_t03,267,3,0,5,0.6163244128660568,1,9.701202118139356,0
topology_267_t03,267,3,0,6,1.4511350018949625,3,14.806515267292882,0
topology_267_t03,267,3,0,7,0.7324060073396385,2,11.078750258303304,0
topology_267_t03,267,3,0,8,0.42625646206045126,3,13.337493860140777,0
topology_267_t03,267,3,0,9,0.24875292966423632,4,18.010778889929203,0
topology_267_t03,267,3,0,10,1.0423637679267987,3,15.555786547705868,0
topology_267_t03,267,3,1,0,0.07716980507558162,1,2.4574861917806317,0
topology_267_t03,267,3,1,2,0.4292127836845374,2,7.3836424309023645,0
topology_267_t03,267,3,1,3,0.33906842864163395,2,13.53997017319616,0
topology_267_t03,267,3,1,4,0.322174615762885,1,8.43071146391096,0
topology_267_t03,267,3,1,5,0.29983817989083994,2,12.158688309919988,0
topology_267_t03,267,3,1,6,0.4642877007688463,4,17.264001459073512,0
topology_267_t03,267,3,1,7,0.2871998850688406,3,13.536236450083935,0
topology_267_t03,267,3,1,8,0.6213155239282159,4,15.794980051921408,0
topology_267_t03,267,3,1,9,0.5725059605244898,5,20.46826508170983,0
topology_267_t03,267,3,1,10,0.2633031974285352,4,18.0132727394865,0
topology_267_t03,267,3,2,0,0.7639686023315064,1,4.926156239121733,0
topology_267_t03,267,3,2,1,0.21239824651593125,2,7.3836424309023645,0
topology_267_t03,267,3,2,3,0.496176892975029,3,17.621448235588076,0
topology_267_t03,267,3,2,4,1.2593060084608665,3,15.814353894813324,0
topology_267_t03,267,3,2,5,0.8675484314843418,2,14.62735835726109,0
topology_267_t03,267,3,2,6,0.39192217482699343,2,9.88035902817115,0
topology_267_t03,267,3,2,7,0.31340671297538053,1,6.152594019181571,0
topology_267_t03,267,3,2,8,0.6863467524973885,2,8.411337621019044,0
topology_267_t03,267,3,2,9,0.39020699000007136,3,13.08462265080747,0
topology_267_t03,267,3,2,10,0.7609550117075476,2,10.629630308584135,0
topology_267_t03,267,3,3,0,0.2981034652092821,2,12.695291996466342,0
topology_267_t03,267,3,3,1,1.568612028676964,2,13.53997017319616,0
topology_267_t03,267,3,3,2,3.0527636882988842,3,17.621448235588076,0
topology_267_t03,267,3,3,4,1.9026830250806288,1,5.1092587092852,0
topology_267_t03,267,3,3,5,0.8722932039689677,1,2.9940898783269856,0
topology_267_t03,267,3,3,6,1.708394148017034,1,7.235885555088206,0
topology_267_t03,267,3,3,7,0.5598941881279685,2,10.963650564077785,0
topology_267_t03,267,3,3,8,0.9207054079943049,3,13.222394165915258,0
topology_267_t03,267,3,3,9,0.5721705705593438,2,10.440149177724527,0
topology_267_t03,267,3,3,10,0.482069194029487,1,9.903269780889033,0
topology_267_t03,267,3,4,0,1.1191822481300753,2,10.888197655691592,0
topology_267_t03,267,3,4,1,0.7033239605128487,1,8.43071146391096,0
topology_267_t03,267,3,4,2,0.439838055862546,3,15.814353894813324,0
topology_267_t03,267,3,4,3,0.5357753137943583,1,5.1092587092852,0
topology_267_t03,267,3,4,5,0.7533811199359802,2,8.103348587612185,0
topology_267_t03,267,3,4,6,0.42834656508474533,2,12.345144264373406,0
topology_267_t03,267,3,4,7,0.9113161052455112,3,16.072909273362985,0
topology_267_t03,267,3,4,8,0.5073263063889234,4,18.331652875200458,0
topology_267_t03,267,3,4,9,0.3726474693537814,3,15.549407887009727,0
topology_267_t03,267,3,4,10,0.3200557728312366,2,15.012528490174233,0
topology_267_t03,267,3,5,0,1.045777636723898,1,9.701202118139356,0
topology_267_t03,267,3,5,1,0.40215976254412633,2,12.158688309919988,0
topology_267_t03,267,3,5,2,1.1135840066506106,2,14.62735835726109,0
topology_267_t03,267,3,5,3,0.15132134143581363,1,2.9940898783269856,0
topology_267_t03,267,3,5,4,1.6139026301169206,2,8.103348587612185,0
topology_267_t03,267,3,5,6,0.44429955261184156,2,10.229975433415191,0
topology_267_t03,267,3,5,7,1.245365237753753,2,10.707628141062667,0
topology_267_t03,267,3,5,8,0.4764351495448837,1,8.448884539225194,0
topology_267_t03,267,3,5,9,0.644563389194036,3,13.434239056051512,0
topology_267_t03,267,3,5,10,0.7121932561718191,2,12.897359659216018,0
topology_267_t03,267,3,6,0,0.6733798506118321,3,14.806515267292882,0
topology_267_t03,267,3,6,1,0.3852728293928861,4,17.264001459073512,0
topology_267_t03,267,3,6,2,1.3249202870367456,2,9.88035902817115,0
topology_267_t03,267,3,6,3,1.0218694808597015,1,7.235885555088206,0
topology_267_t03,267,3,6,4,1.004837795541432,2,12.345144264373406,0
topology_267_t03,267,3,6,5,0.9759898779869766,2,10.229975433415191,0
topology_267_t03,267,3,6,7,0.8937187491100117,1,3.7277650089895786,0
topology_267_t03,267,3,6,8,1.089210024674735,2,5.986508610827052,0
topology_267_t03,267,3,6,9,0.6317569573570576,1,3.20426362263632,0
topology_267_t03,267,3,6,10,0.737320847034311,2,8.070499640181165,0
topology_267_t03,267,3,7,0,0.2290066449243639,2,11.078750258303304,0
topology_267_t03,267,3,7,1,0.6530340132635715,3,13.536236450083935,0
topology_267_t03,267,3,7,2,0.7743421204310198,1,6.152594019181571,0
topology_267_t03,267,3,7,3,0.13520873308320938,2,10.963650564077785,0
topology_267_t03,267,3,7,4,0.365222835225044,3,16.072909273362985,0
topology_267_t03,267,3,7,5,0.41533695829205963,2,10.707628141062667,0
topology_267_t03,267,3,7,6,0.435566083800694,1,3.7277650089895786,0
topology_267_t03,267,3,7,8,0.3702849126561712,1,2.258743601837473,0
topology_267_t03,267,3,7,9,0.8646308326039818,2,6.932028631625899,0
topology_267_t03,267,3,7,10,0.1828684434007694,1,4.477036289402564,0
topology_267_t03,267,3,8,0,0.8176219495696457,3,13.337493860140777,0
topology_267_t03,267,3,8,1,2.2810778231188262,4,15.794980051921408,0
topology_267_t03,267,3,8,2,1.3131257771485343,2,8.411337621019044,0
topology_267_t03,267,3,8,3,1.1484782476729114,3,13.222394165915258,0
topology_267_t03,267,3,8,4,0.5584493018127556,4,18.331652875200458,0
topology_267_t03,267,3,8,5,0.573477376543636,1,8.448884539225194,0
topology_267_t03,267,3,8,6,0.3139689781273483,2,5.986508610827052,0
topology_267_t03,267,3,8,7,1.268241401722855,1,2.258743601837473,0
topology_267_t03,267,3,8,9,0.6569477567807201,3,9.190772233463372,0
topology_267_t03,267,3,8,10,0.3863811264980355,2,6.735779891240037,0
topology_267_t03,267,3,9,0,0.49698929124989416,4,18.010778889929203,0
topology_267_t03,267,3,9,1,0.12611968771927326,5,20.468265081709834,0
topology_267_t03,267,3,9,2,0.41678652479792627,3,13.08462265080747,0
topology_267_t03,267,3,9,3,0.6667535092273905,2,10.440149177724527,0
topology_267_t03,267,3,9,4,0.34705880599345085,3,15.549407887009727,0
topology_267_t03,267,3,9,5,0.8169309210618962,3,13.434239056051512,0
topology_267_t03,267,3,9,6,0.5453742714392371,1,3.20426362263632,0
topology_267_t03,267,3,9,7,0.8486495887526154,2,6.932028631625899,0
topology_267_t03,267,3,9,8,0.2725465088522103,3,9.190772233463372,0
topology_267_t03,267,3,9,10,0.9239965272512489,1,4.8662360175448445,0
topology_267_t03,267,3,10,0,1.0489281488225894,3,15.555786547705868,0
topology_267_t03,267,3,10,1,0.40717936752728523,4,18.0132727394865,0
topology_267_t03,267,3,10,2,0.7292431661830536,2,10.629630308584135,0
topology_267_t03,267,3,10,3,0.44996686740050224,1,9.903269780889033,0
topology_267_t03,267,3,10,4,0.20118617768477834,2,15.012528490174233,0
topology_267_t03,267,3,10,5,0.21693908833077935,2,12.897359659216018,0
topology_267_t03,267,3,10,6,0.2644393519375088,2,8.070499640181165,0
topology_267_t03,267,3,10,7,0.8798654529812912,1,4.477036289402564,0
topology_267_t03,267,3,10,8,0.43700466567683655,2,6.735779891240037,0
topology_267_t03,267,3,10,9,0.2970122420947121,1,4.8662360175448445,0
topology_267_t04,267,4,0,1,0.15970817627273592,1,2.4575807907819556,0
topology_267_t04,267,4,0,2,0.6897239324646719,1,4.926158082461555,0
topology_267_t04,267,4,0,3,1.2326176555176502,2,12.69563442412869,0
topology_267_t04,267,4,0,4,1.3911974207657294,2,10.888456332460146,0
topology_267_t04,267,4,0,5,1.2935971304986909,1,9.701437874394435,0
topology_267_t04,267,4,0,6,0.6288491011971843,3,14.843254571557932,0
topology_267_t04,267,4,0,7,0.831462073841432,2,11.11548519876564,0
topology_267_t04,267,4,0,8,0.6694330890719751,3,13.374225929590967,0
topology_267_t04,267,4,0,9,0.47077587045946206,4,18.04752611142237,0
topology_267_t04,267,4,0,10,0.6326631150472116,3,15.592570778334817,0
topology_267_t04,267,4,1,0,1.1376549235084412,1,2.4575807907819556,0
topology_267_t04,267,4,1,2,0.18364667928408376,2,7.3837388732435105,0
topology_267_t04,267,4,1,3,0.7618409610058459,2,13.540141956311743,0
topology_267_t04,267,4,1,4,0.19134438327454908,1,8.43087554167819,0
topology_267_t04,267,4,1,5,0.768858305959355,2,12.15901866517639,0
topology_267_t04,267,4,1,6,0.799733386769559,4,17.300835362339885,0
topology_267_t04,267,4,1,7,1.3508744246396058,3,13.573065989547594,0
topology_267_t04,267,4,1,8,0.4409977150725537,4,15.83180672037292,0
topology_267_t04,267,4,1,9,0.41435087821479677,5,20.505106902204325,0
topology_267_t04,267,4,1,10,2.4374004403098115,4,18.05015156911677,0
topology_267_t04,267,4,2,0,0.37385539835404136,1,4.926158082461555,0
topology_267_t04,267,4,2,1,0.8195620450081667,2,7.3837388732435105,0
topology_267_t04,267,4,2,3,0.689910840310856,3,17.621792506590246,0
topology_267_t04,267,4,2,4,0.7386147509317198,3,15.814614414921701,0
topology_267_t04,267,4,2,5,0.9607670526291692,2,14.62759595685599,0
topology_267_t04,267,4,2,6,0.5770118949698385,2,9.917096489096377,0
topology_267_t04,267,4,2,7,2.4850250775519465,1,6.189327116304084,0
topology_267_t04,267,4,2,8,0.7379518059671522,2,8.448067847129412,0
topology_267_t04,267,4,2,9,0.35354240235162276,3,13.121368028960815,0
topology_267_t04,267,4,2,10,1.2345468167215212,2,10.66641269587326,0
topology_267_t04,267,4,3,0,0.6415627891894768,2,12.69563442412869,0
topology_267_t04,267,4,3,1,0.3184923021342729,2,13.540141956311743,0
topology_267_t04,267,4,3,2,0.8448654527576773,3,17.621792506590246,0
topology_267_t04,267,4,3,4,0.7424085774601168,1,5.109266414633553,0
topology_267_t04,267,4,3,5,0.5226353263505339,1,2.9941965497342555,0
topology_267_t04,267,4,3,6,0.8062758294224264,1,7.238375664283179,0
topology_267_t04,267,4,3,7,1.7520121315789299,2,10.96614503707547,0
topology_267_t04,267,4,3,8,0.3125260381736193,3,13.224885767900798,0
topology_267_t04,267,4,3,9,1.3244441738463235,2,10.442647204147617,0
topology_267_t04,267,4,3,10,0.4558594821511438,1,9.903642650293408,0
topology_267_t04,267,4,4,0,1.7324226239518377,2,10.888456332460146,0
topology_267_t04,267,4,4,1,1.7788164612649773,1,8.43087554167819,0
topology_267_t04,267,4,4,2,0.28991925987335604,3,15.814614414921701,0
topology_267_t04,267,4,4,3,0.4199945936044027,1,5.109266414633553,0
topology_267_t04,267,4,4,5,0.5628526533254881,2,8.103462964367809,0
topology_267_t04,267,4,4,6,0.5918105082508878,2,12.347642078916731,0
topology_267_t04,267,4,4,7,1.4270335564186483,3,16.075411451709023,0
topology_267_t04,267,4,4,8,0.392198456680304,4,18.33415218253435,0
topology_267_t04,267,4,4,9,0.7325847442451923,3,15.55191361878117,0
topology_267_t04,267,4,4,10,0.4208116544009481,2,15.012909064926962,0
topology_267_t04,267,4,5,0,1.816229094669055,1,9.701437874394435,0
topology_267_t04,267,4,5,1,1.1347122709545894,2,12.15901866517639,0
topology_267_t04,267,4,5,2,1.2816107235874683,2,14.62759595685599,0
topology_267_t04,267,4,5,3,0.3055954496711207,1,2.9941965497342555,0
topology_267_t04,267,4,5,4,0.5077358337617404,2,8.103462964367809,0
topology_267_t04,267,4,5,6,0.7559567656531887,2,10.232572214017434,0
topology_267_t04,267,4,5,7,0.8414191049334904,2,10.707229045040554,0
topology_267_t04,267,4,5,8,0.37521611030532415,1,8.448488314215227,0
topology_267_t04,267,4,5,9,3.054909209217929,3,13.436843753881872,0
topology_267_t04,267,4,5,10,1.6633023340061608,2,12.897839200027663,0
topology_267_t04,267,4,6,0,0.6033844684148925,3,14.843254571557932,0
topology_267_t04,267,4,6,1,0.5540466244131399,4,17.30083536233989,0
topology_267_t04,267,4,6,2,0.8807919246488647,2,9.917096489096377,0
topology_267_t04,267,4,6,3,0.8495585883059172,1,7.238375664283179,0
topology_267_t04,267,4,6,4,3.5769962427999333,2,12.347642078916731,0
topology_267_t04,267,4,6,5,2.0397867609255154,2,10.232572214017434,0
topology_267_t04,267,4,6,7,0.1413751461696112,1,3.727769372792292,0
topology_267_t04,267,4,6,8,1.5080868258817257,2,5.986510103617619,0
topology_267_t04,267,4,6,9,0.30824184938060384,1,3.2042715398644384,0
topology_267_t04,267,4,6,10,0.5426021362317218,2,8.070506143830292,0
topology_267_t04,267,4,7,0,0.4314722792437693,2,11.11548519876564,0
topology_267_t04,267,4,7,1,0.6543494569369435,3,13.573065989547596,0
topology_267_t04,267,4,7,2,0.29381560220040076,1,6.189327116304084,0
topology_267_t04,267,4,7,3,0.3467451117168527,2,10.96614503707547,0
topology_267_t04,267,4,7,4,0.8034389809888572,3,16.075411451709023,0
topology_267_t04,267,4,7,5,0.43995070420099086,2,10.707229045040554,0
topology_267_t04,267,4,7,6,0.5568823243878799,1,3.727769372792292,0
topology_267_t04,267,4,7,8,0.26539408027404954,1,2.2587407308253273,0
topology_267_t04,267,4,7,9,1.156052847352939,2,6.93204091265673,0
topology_267_t04,267,4,7,10,0.373243571189092,1,4.477085579569176,0
topology_267_t04,267,4,8,0,1.1981117809543649,3,13.374225929590967,0
topology_267_t04,267,4,8,1,1.2000303505462668,4,15.831806720372922,0
topology_267_t04,267,4,8,2,0.5578944329195322,2,8.448067847129412,0
topology_267_t04,267,4,8,3,0.6046092890822822,3,13.224885767900798,0
topology_267_t04,267,4,8,4,0.8864135158992752,4,18.33415218253435,0
topology_267_t04,267,4,8,5,0.5926318640556734,1,8.448488314215227,0
topology_267_t04,267,4,8,6,0.435923202335532,2,5.986510103617619,0
topology_267_t04,267,4,8,7,0.25721761971402896,1,2.2587407308253273,0
topology_267_t04,267,4,8,9,0.3326804205522737,3,9.190781643482058,0
topology_267_t04,267,4,8,10,1.4063232690791303,2,6.735826310394504,0
topology_267_t04,267,4,9,0,0.45354051074852175,4,18.04752611142237,0
topology_267_t04,267,4,9,1,0.6558549713935488,5,20.505106902204325,0
topology_267_t04,267,4,9,2,0.4118772969571478,3,13.121368028960815,0
topology_267_t04,267,4,9,3,1.370120470073988,2,10.442647204147617,0
topology_267_t04,267,4,9,4,0.3460900815890391,3,15.551913618781171,0
topology_267_t04,267,4,9,5,0.6732785462880946,3,13.436843753881872,0
topology_267_t04,267,4,9,6,0.2835870816405537,1,3.2042715398644384,0
topology_267_t04,267,4,9,7,0.6627779777439112,2,6.93204091265673,0
topology_267_t04,267,4,9,8,0.6088944964590961,3,9.190781643482058,0
topology_267_t04,267,4,9,10,0.44667103024175375,1,4.866234603965853,0
topology_267_t04,267,4,10,0,0.7607398346887101,3,15.592570778334816,0
topology_267_t04,267,4,10,1,0.8576425740419442,4,18.05015156911677,0
topology_267_t04,267,4,10,2,0.5012544421266308,2,10.66641269587326,0
topology_267_t04,267,4,10,3,1.531409336961446,1,9.903642650293408,0
topology_267_t04,267,4,10,4,0.9240845720334677,2,15.012909064926962,0
topology_267_t04,267,4,10,5,0.3123954664689182,2,12.897839200027663,0
topology_267_t04,267,4,10,6,0.2646389811366466,2,8.070506143830292,0
topology_267_t04,267,4,10,7,0.9786551085219971,1,4.477085579569176,0
topology_267_t04,267,4,10,8,0.21616342318918277,2,6.735826310394504,0
topology_267_t04,267,4,10,9,0.45915192479439804,1,4.866234603965853,0
topology_267_t05,267,5,0,1,1.8749106858252547,1,2.457539964507288,0
topology_267_t05,267,5,0,2,0.8629881966907318,1,4.926159445014487,0
topology_267_t05,267,5,0,3,0.5883981497506513,2,12.695348619254293,0
topology_267_t05,267,5,0,4,0.34097391988888726,2,10.888639983630114,0
topology_267_t05,267,5,0,5,1.382438197988863,1,9.701199896916007,0
topology_267_t05,267,5,0,6,1.6394365672382991,3,14.856458335211006,0
topology_267_t05,267,5,0,7,1.5382104626217397,2,11.128678614175342,0
topology_267_t05,267,5,0,8,1.3058049712147834,3,13.387422952502941,0
topology_267_t05,267,5,0,9,0.3083560841827365,4,18.060723393890374,0
topology_267_t05,267,5,0,10,0.4435919304910685,3,15.60575343409787,0
topology_267_t05,267,5,1,0,0.5228116946435967,1,2.457539964507288,0
topology_267_t05,267,5,1,2,0.669799088989795,2,7.383699409521775,0
topology_267_t05,267,5,1,3,0.8337701972096504,2,13.540367061674658,0
topology_267_t05,267,5,1,4,1.354210195309719,1,8.431100019122825,0
topology_267_t05,267,5,1,5,0.6505362277143221,2,12.158739861423296,0
topology_267_t05,267,5,1,6,0.29170263727624884,4,17.313998299718293,0
topology_267_t05,267,5,1,7,1.0934376636806844,3,13.58621857868263,0
topology_267_t05,267,5,1,8,0.30605779077274325,4,15.844962917010228,0
topology_267_t05,267,5,1,9,0.271846294939718,5,20.51826335839766,0
topology_267_t05,267,5,1,10,0.5546119102089935,4,18.063293398605158,0
topology_267_t05,267,5,2,0,0.9008782664061646,1,4.926159445014487,0
topology_267_t05,267,5,2,1,0.6035552897960609,2,7.383699409521775,0
topology_267_t05,267,5,2,3,0.3402234109250261,3,17.62150806426878,0
topology_267_t05,267,5,2,4,1.3420696799636602,3,15.8147994286446,0
topology_267_t05,267,5,2,5,1.4190087936139222,2,14.627359341930493,0
topology_267_t05,267,5,2,6,2.042908022872731,2,9.930298890196518,0
topology_267_t05,267,5,2,7,0.5136687959987462,1,6.202519169160856,0
topology_267_t05,267,5,2,8,1.3882618558531596,2,8.461263507488454,0
topology_267_t05,267,5,2,9,0.6221459522030974,3,13.134563948875886,0
topology_267_t05,267,5,2,10,1.5790171434485285,2,10.679593989083383,0
topology_267_t05,267,5,3,0,0.6543489927003544,2,12.695348619254293,0
topology_267_t05,267,5,3,1,2.1140264645183198,2,13.540367061674658,0
topology_267_t05,267,5,3,2,0.9133574090575587,3,17.62150806426878,0
topology_267_t05,267,5,3,4,0.3239977306838595,1,5.109267042551833,0
topology_267_t05,267,5,3,5,1.2019834630440622,1,2.994148722338287,0
topology_267_t05,267,5,3,6,1.0276782698250084,1,7.23651349914894,0
topology_267_t05,267,5,3,7,2.0037429364252013,2,10.964293220184603,0
topology_267_t05,267,5,3,8,0.700657789433411,3,13.2230375585122,0
topology_267_t05,267,5,3,9,0.8368759190867219,2,10.440778557828308,0
topology_267_t05,267,5,3,10,0.6385470563045266,1,9.903682951587568,0
topology_267_t05,267,5,4,0,0.7137570807076797,2,10.888639983630114,0
topology_267_t05,267,5,4,1,0.8416828277474987,1,8.431100019122825,0
topology_267_t05,267,5,4,2,0.8548436762894548,3,15.814799428644601,0
topology_267_t05,267,5,4,3,0.3237435400357016,1,5.109267042551833,0
topology_267_t05,267,5,4,5,0.630721407387092,2,8.10341576489012,0
topology_267_t05,267,5,4,6,1.2858923690622095,2,12.345780541700773,0
topology_267_t05,267,5,4,7,0.24895127851574447,3,16.073560262736436,0
topology_267_t05,267,5,4,8,1.1084694791121124,4,18.332304601064035,0
topology_267_t05,267,5,4,9,0.3949713246877387,3,15.550045600380141,0
topology_267_t05,267,5,4,10,0.4863481552812306,2,15.012949994139401,0
topology_267_t05,267,5,5,0,0.8083226279759381,1,9.701199896916007,0
topology_267_t05,267,5,5,1,1.0099202500579167,2,12.158739861423296,0
topology_267_t05,267,5,5,2,1.079358333922553,2,14.627359341930493,0
topology_267_t05,267,5,5,3,0.20505712696840714,1,2.994148722338287,0
topology_267_t05,267,5,5,4,1.7849831763240287,2,8.10341576489012,0
topology_267_t05,267,5,5,6,0.5283927674024042,2,10.230662221487227,0
topology_267_t05,267,5,5,7,1.7558196418434606,2,10.708984404205705,0
topology_267_t05,267,5,5,8,1.5278893326145173,1,8.450240065878107,0
topology_267_t05,267,5,5,9,0.664117232917079,3,13.434927280166594,0
topology_267_t05,267,5,5,10,3.3781682501901438,2,12.897831673925854,0
topology_267_t05,267,5,6,0,1.5794972543818588,3,14.856458335211006,0
topology_267_t05,267,5,6,1,0.7499839629872908,4,17.313998299718293,0
topology_267_t05,267,5,6,2,1.1179987512378604,2,9.930298890196518,0
topology_267_t05,267,5,6,3,0.5180106792680657,1,7.23651349914894,0
topology_267_t05,267,5,6,4,2.3700061777433796,2,12.345780541700773,0
topology_267_t05,267,5,6,5,1.3137506608802634,2,10.230662221487227,0
topology_267_t05,267,5,6,7,0.5798504210557837,1,3.7277797210356627,0
topology_267_t05,267,5,6,8,1.7282727782412763,2,5.98652405936326,0
topology_267_t05,267,5,6,9,2.154330691211222,1,3.2042650586793675,0
topology_267_t05,267,5,6,10,0.5590681651066429,2,8.070500307191317,0
topology_267_t05,267,5,7,0,0.38733485419201275,2,11.128678614175342,0
topology_267_t05,267,5,7,1,0.6027946138239554,3,13.58621857868263,0
topology_267_t05,267,5,7,2,0.5396965248961582,1,6.202519169160856,0
topology_267_t05,267,5,7,3,0.770032377509131,2,10.964293220184603,0
topology_267_t05,267,5,7,4,0.28740326550163353,3,16.073560262736436,0
topology_267_t05,267,5,7,5,0.3210811947106051,2,10.708984404205705,0
topology_267_t05,267,5,7,6,0.43334210825506536,1,3.7277797210356627,0
topology_267_t05,267,5,7,8,0.7469377132586579,1,2.258744338327598,0
topology_267_t05,267,5,7,9,1.226799130036034,2,6.93204477971503,0
topology_267_t05,267,5,7,10,0.38929158689911575,1,4.477074819922528,0
topology_267_t05,267,5,8,0,0.5053246101870729,3,13.387422952502941,0
topology_267_t05,267,5,8,1,1.1386792720922578,4,15.844962917010228,0
topology_267_t05,267,5,8,2,0.4426200968022762,2,8.461263507488454,0
topology_267_t05,267,5,8,3,0.5336080185518557,3,13.2230375585122,0
topology_267_t05,267,5,8,4,0.5778604796324617,4,18.33230460106403,0
topology_267_t05,267,5,8,5,0.5947055405581301,1,8.450240065878107,0
topology_267_t05,267,5,8,6,0.8063668918520362,2,5.98652405936326,0
topology_267_t05,267,5,8,7,0.5879830698879802,1,2.258744338327598,0
topology_267_t05,267,5,8,9,0.7039605467196822,3,9.190789118042627,0
topology_267_t05,267,5,8,10,0.6146782220008943,2,6.735819158250126,0
topology_267_t05,267,5,9,0,0.09782024539593691,4,18.060723393890374,0
topology_267_t05,267,5,9,1,0.22950669220474118,5,20.51826335839766,0
topology_267_t05,267,5,9,2,0.3206204520915986,3,13.134563948875886,0
topology_267_t05,267,5,9,3,0.6367023389871251,2,10.440778557828308,0
topology_267_t05,267,5,9,4,0.3854449505456735,3,15.550045600380141,0
topology_267_t05,267,5,9,5,0.3133777764552008,3,13.434927280166594,0
topology_267_t05,267,5,9,6,0.405686656556975,1,3.2042650586793675,0
topology_267_t05,267,5,9,7,0.48705536113210307,2,6.93204477971503,0
topology_267_t05,267,5,9,8,0.33850658424332086,3,9.190789118042627,0
topology_267_t05,267,5,9,10,0.40923427597823175,1,4.866235248511948,0
topology_267_t05,267,5,10,0,0.38738461123395884,3,15.60575343409787,0
topology_267_t05,267,5,10,1,1.1719022330303932,4,18.063293398605158,0
topology_267_t05,267,5,10,2,1.747437072776803,2,10.679593989083383,0
topology_267_t05,267,5,10,3,0.35245042535159105,1,9.903682951587568,0
topology_267_t05,267,5,10,4,0.39496929980380485,2,15.012949994139401,0
topology_267_t05,267,5,10,5,0.3622323627473072,2,12.897831673925854,0
topology_267_t05,267,5,10,6,0.2516306342013214,2,8.070500307191317,0
topology_267_t05,267,5,10,7,1.061251870804964,1,4.477074819922528,0
topology_267_t05,267,5,10,8,0.7447444528583547,2,6.735819158250126,0
topology_267_t05,267,5,10,9,0.7256471983381418,1,4.866235248511948,0
topology_267_t06,267,6,0,1,3.7038929599485217,1,2.4578636498801636,0
topology_267_t06,267,6,0,2,0.8621621312647599,1,4.926239124380307,0
topology_267_t06,267,6,0,3,3.5612165088042427,2,12.697596057021283,0
topology_267_t06,267,6,0,4,1.8370807023378533,2,10.889588081092073,0
topology_267_t06,267,6,0,5,2.625548173552669,1,9.702564843461577,0
topology_267_t06,267,6,0,6,13.004280041315148,3,57.281967394563836,1
topology_267_t06,267,6,0,7,0.5910466315419902,2,53.55402082401397,1
topology_267_t06,267,6,0,8,1.655308383667336,3,55.81278490165987,1
topology_267_t06,267,6,0,9,1.6621932364653844,4,60.48626289292655,1
topology_267_t06,267,6,0,10,1.5496481524893004,3,58.031188667879675,1
topology_267_t06,267,6,1,0,1.2416464519016952,1,2.4578636498801636,0
topology_267_t06,267,6,1,2,0.44093312956126385,2,7.38410277426047,0
topology_267_t06,267,6,1,3,0.6041574238784027,2,13.541058730071583,0
topology_267_t06,267,6,1,4,0.445121649062914,1,8.43172443121191,0
topology_267_t06,267,6,1,5,0.5569023380506438,2,12.16042849334174,0
topology_267_t06,267,6,1,6,0.43946791290687026,4,59.739831044443996,1
topology_267_t06,267,6,1,7,0.6384656572065526,3,56.01188447389413,1
topology_267_t06,267,6,1,8,1.5733753386836775,4,58.27064855154003,1
topology_267_t06,267,6,1,9,3.6820847873015476,5,62.94412654280671,1
topology_267_t06,267,6,1,10,2.711785951618924,4,60.489052317759835,1
topology_267_t06,267,6,2,0,0.849561032111985,1,4.926239124380307,0
topology_267_t06,267,6,2,1,2.4630563828819123,2,7.38410277426047,0
topology_267_t06,267,6,2,3,1.0911589552936483,3,17.62383518140159,0
topology_267_t06,267,6,2,4,0.3800473384226684,3,15.815827205472381,0
topology_267_t06,267,6,2,5,1.1539710517250807,2,14.628803967841883,0
topology_267_t06,267,6,2,6,10.53029108629134,2,52.355728270183526,1
topology_267_t06,267,6,2,7,1.3701277299819696,1,48.62778169963366,1
topology_267_t06,267,6,2,8,3.033225931871368,2,50.88654577727956,1
topology_267_t06,267,6,2,9,3.1923742470088055,3,55.56002376854624,1
topology_267_t06,267,6,2,10,0.5573484904285576,2,53.104949543499366,1
topology_267_t06,267,6,3,0,0.8952593331590303,2,12.697596057021283,0
topology_267_t06,267,6,3,1,3.6369220006711855,2,13.541058730071583,0
topology_267_t06,267,6,3,2,4.095949349974496,3,17.62383518140159,0
topology_267_t06,267,6,3,4,0.37732185102186094,1,5.109334298859673,0
topology_267_t06,267,6,3,5,1.2596498851966453,1,2.9950312135597064,0
topology_267_t06,267,6,3,6,0.7189273568267709,1,7.245589328812463,0
topology_267_t06,267,6,3,7,3.8043279794667284,2,10.973535899362332,0
topology_267_t06,267,6,3,8,1.6686275418296848,3,13.232299977008232,0
topology_267_t06,267,6,3,9,2.5884425255080457,2,10.449884827175175,0
topology_267_t06,267,6,3,10,1.7287500963047377,1,9.904466903769988,0
topology_267_t06,267,6,4,0,0.7620848839788358,2,10.889588081092073,0
topology_267_t06,267,6,4,1,1.7209543166886276,1,8.43172443121191,0
topology_267_t06,267,6,4,2,2.131755137044581,3,15.815827205472381,0
topology_267_t06,267,6,4,3,0.8917110968682125,1,5.109334298859673,0
topology_267_t06,267,6,4,5,1.0141583135316021,2,8.10436551241938,0
topology_267_t06,267,6,4,6,0.21425825017212766,2,12.354923627672136,0
topology_267_t06,267,6,4,7,1.829363855558739,3,16.082870198222004,0
topology_267_t06,267,6,4,8,1.311346382392722,4,18.341634275867904,0
topology_267_t06,267,6,4,9,0.972272013103433,3,15.559219126034847,0
topology_267_t06,267,6,4,10,0.23756102628139872,2,15.013801202629661,0
topology_267_t06,267,6,5,0,3.118554474140741,1,9.702564843461577,0
topology_267_t06,267,6,5,1,0.5899631755878162,2,12.16042849334174,0
topology_267_t06,267,6,5,2,0.6626325628871244,2,14.628803967841883,0
topology_267_t06,267,6,5,3,1.6843361794521463,1,2.9950312135597064,0
topology_267_t06,267,6,5,4,1.3248438505172564,2,8.10436551241938,0
topology_267_t06,267,6,5,6,6.443932759312797,2,10.24062054237217,0
topology_267_t06,267,6,5,7,3.284073418311695,2,10.713918112519785,0
topology_267_t06,267,6,5,8,2.291966977129238,1,8.455154034873887,0
topology_267_t06,267,6,5,9,2.3281063785722558,3,13.444916040734881,0
topology_267_t06,267,6,5,10,0.8457397439085214,2,12.899498117329694,0
topology_267_t06,267,6,6,0,2.933515905950104,3,57.281967394563836,1
topology_267_t06,267,6,6,1,2.993807171272105,4,59.739831044444,1
topology_267_t06,267,6,6,2,0.5442601106371893,2,52.355728270183526,1
topology_267_t06,267,6,6,3,1.8216204954742412,1,7.245589328812463,0
topology_267_t06,267,6,6,4,1.9559558136239263,2,12.354923627672136,0
topology_267_t06,267,6,6,5,1.9250639741616062,2,10.24062054237217,0
topology_267_t06,267,6,6,7,3.3369352461662345,1,3.7279465705498693,0
topology_267_t06,267,6,6,8,1.2663388763302013,2,5.986710648195768,0
topology_267_t06,267,6,6,9,0.2122367124952195,1,3.204295498362711,0
topology_267_t06,267,6,6,10,0.4417595143162478,2,8.070530455845454,0
topology_267_t06,267,6,7,0,1.1904142827854653,2,53.55402082401397,1
topology_267_t06,267,6,7,1,5.915284159051247,3,56.01188447389413,1
topology_267_t06,267,6,7,2,1.243687641571684,1,48.62778169963366,1
topology_267_t06,267,6,7,3,0.6288843732721605,2,10.973535899362332,0
topology_267_t06,267,6,7,4,0.8687605267682564,3,16.082870198222004,0
topology_267_t06,267,6,7,5,0.5649487787249617,2,10.713918112519785,0
topology_267_t06,267,6,7,6,1.2419831944342414,1,3.7279465705498693,0
topology_267_t06,267,6,7,8,0.19356713010122809,1,2.258764077645899,0
topology_267_t06,267,6,7,9,1.9570807353459136,2,6.932242068912581,0
topology_267_t06,267,6,7,10,1.2063791311441874,1,4.477167843865706,0
topology_267_t06,267,6,8,0,1.8790453922808676,3,55.81278490165987,1
topology_267_t06,267,6,8,1,2.23824639605174,4,58.270648551540035,1
topology_267_t06,267,6,8,2,1.9283370701703366,2,50.88654577727956,1
topology_267_t06,267,6,8,3,1.3230996399751145,3,13.232299977008232,0
topology_267_t06,267,6,8,4,3.7333009318162946,4,18.341634275867904,0
topology_267_t06,267,6,8,5,2.5099603931604673,1,8.455154034873887,0
topology_267_t06,267,6,8,6,1.2646333395320637,2,5.986710648195768,0
topology_267_t06,267,6,8,7,0.5810260403077833,1,2.258764077645899,0
topology_267_t06,267,6,8,9,1.4617281915297182,3,9.191006146558479,0
topology_267_t06,267,6,8,10,2.12785667041512,2,6.735931921511605,0
topology_267_t06,267,6,9,0,0.36497545572920576,4,60.48626289292655,1
topology_267_t06,267,6,9,1,0.7411276789431115,5,62.944126542806714,1
topology_267_t06,267,6,9,2,0.32493490100011,3,55.56002376854624,1
topology_267_t06,267,6,9,3,0.87856432855526,2,10.449884827175175,0
topology_267_t06,267,6,9,4,1.494492262214115,3,15.559219126034847,0
topology_267_t06,267,6,9,5,1.4868417621105494,3,13.444916040734881,0
topology_267_t06,267,6,9,6,1.0836760088671382,1,3.204295498362711,0
topology_267_t06,267,6,9,7,0.4479553003413618,2,6.932242068912581,0
topology_267_t06,267,6,9,8,0.45431540064959736,3,9.191006146558479,0
topology_267_t06,267,6,9,10,0.5853012153558864,1,4.8662349574827415,0
topology_267_t06,267,6,10,0,0.7160084224511977,3,58.031188667879675,1
topology_267_t06,267,6,10,1,0.11392714832295454,4,60.48905231775984,1
topology_267_t06,267,6,10,2,1.0872690829972547,2,53.104949543499366,1
topology_267_t06,267,6,10,3,0.7761981280463045,1,9.904466903769988,0
topology_267_t06,267,6,10,4,7.284840453435691,2,15.013801202629661,0
topology_267_t06,267,6,10,5,0.2723795620179796,2,12.899498117329694,0
topology_267_t06,267,6,10,6,0.26965860304586586,2,8.070530455845454,0
topology_267_t06,267,6,10,7,3.4747684990446155,1,4.477167843865706,0
topology_267_t06,267,6,10,8,1.1162237434533295,2,6.735931921511605,0
topology_267_t06,267,6,10,9,0.5438961628794668,1,4.8662349574827415,0
topology_267_t07,267,7,0,1,0.3422560885227388,1,2.458075235036044,0
topology_267_t07,267,7,0,2,3.0928187139727417,1,4.926271840512599,0
topology_267_t07,267,7,0,3,8.994716739550418,2,12.700232331186564,0
topology_267_t07,267,7,0,4,0.931460807581745,2,10.890095407018297,0
topology_267_t07,267,7,0,5,2.677082002442138,1,9.704567195119012,0
topology_267_t07,267,7,0,6,2.2929510208171116,3,57.28202112057181,1
topology_267_t07,267,7,0,7,4.374801321416864,2,53.554053540146256,1
topology_267_t07,267,7,0,8,1.896608503415991,3,55.81282096151066,1
topology_267_t07,267,7,0,9,3.394661027727383,4,60.486343628679116,1
topology_267_t07,267,7,0,10,3.139752283854961,3,58.03124836458616,1
topology_267_t07,267,7,1,0,0.41773696105207275,1,2.458075235036044,0
topology_267_t07,267,7,1,2,1.1428952992599675,2,7.384347075548643,0
topology_267_t07,267,7,1,3,2.520591714087204,2,13.541385491046022,0
topology_267_t07,267,7,1,4,0.40181493256802076,1,8.432020171982254,0
topology_267_t07,267,7,1,5,0.47114108439961705,2,12.162642430155056,0
topology_267_t07,267,7,1,6,2.1252423106626006,4,59.74009635560786,1
topology_267_t07,267,7,1,7,1.2052141493251378,3,56.012128775182305,1
topology_267_t07,267,7,1,8,0.41238147793585644,4,58.27089619654671,1
topology_267_t07,267,7,1,9,0.9611627899298789,5,62.944418863715164,1
topology_267_t07,267,7,1,10,3.7038339868339865,4,60.48932359962221,1
topology_267_t07,267,7,2,0,2.151907998060221,1,4.926271840512599,0
topology_267_t07,267,7,2,1,15.07178511440281,2,7.384347075548643,0
topology_267_t07,267,7,2,3,0.9940709566180819,3,17.62650417169916,0
topology_267_t07,267,7,2,4,1.0917311000575822,3,15.816367247530897,0
topology_267_t07,267,7,2,5,0.6465732622442967,2,14.63083903563161,0
topology_267_t07,267,7,2,6,1.8498033725701777,2,52.355749280059214,1
topology_267_t07,267,7,2,7,0.735762729540731,1,48.62778169963366,1
topology_267_t07,267,7,2,8,2.322323660712749,2,50.88654912099806,1
topology_267_t07,267,7,2,9,0.1857503168606124,3,55.56007178816652,1
topology_267_t07,267,7,2,10,1.8377074305707017,2,53.104976524073564,1
topology_267_t07,267,7,3,0,5.689101793142776,2,12.700232331186564,0
topology_267_t07,267,7,3,1,3.1434731326169234,2,13.541385491046022,0
topology_267_t07,267,7,3,2,0.6286485581867709,3,17.626504171699164,0
topology_267_t07,267,7,3,4,1.840961653106762,1,5.109365319063767,0
topology_267_t07,267,7,3,5,0.42008158422771097,1,2.9956651360675526,0
topology_267_t07,267,7,3,6,1.8240761014582434,1,7.261037064642663,0
topology_267_t07,267,7,3,7,1.5224094753450308,2,10.989004645068217,0
topology_267_t07,267,7,3,8,1.1947073402230317,3,13.24777206643262,0
topology_267_t07,267,7,3,9,2.695573822374456,2,10.465359572749968,0
topology_267_t07,267,7,3,10,2.111715180500638,1,9.904648168231152,0
topology_267_t07,267,7,4,0,1.054627484591269,2,10.890095407018297,0
topology_267_t07,267,7,4,1,2.164152290185131,1,8.432020171982254,0
topology_267_t07,267,7,4,2,1.5970649651444504,3,15.816367247530895,0
topology_267_t07,267,7,4,3,0.20352093618034658,1,5.109365319063767,0
topology_267_t07,267,7,4,5,1.8271344036890924,2,8.10503045513132,0
topology_267_t07,267,7,4,6,1.6336855402048913,2,12.37040238370643,0
topology_267_t07,267,7,4,7,4.2985274291971205,3,16.098369964131987,0
topology_267_t07,267,7,4,8,1.3727540358954697,4,18.35713738549639,0
topology_267_t07,267,7,4,9,0.8685632276371839,3,15.574724891813736,0
topology_267_t07,267,7,4,10,2.9580340277248744,2,15.014013487294918,0
topology_267_t07,267,7,5,0,2.668269619430998,1,9.704567195119012,0
topology_267_t07,267,7,5,1,2.97151316393868,2,12.162642430155056,0
topology_267_t07,267,7,5,2,3.357219899230802,2,14.63083903563161,0
topology_267_t07,267,7,5,3,1.2470749427756087,1,2.9956651360675526,0
topology_267_t07,267,7,5,4,0.6032241754488585,2,8.10503045513132,0
topology_267_t07,267,7,5,6,9.584962100028228,2,10.256702200710215,0
topology_267_t07,267,7,5,7,0.48356431968048336,2,10.720324494453102,0
topology_267_t07,267,7,5,8,1.1662575621795037,1,8.461557073088699,0
topology_267_t07,267,7,5,9,3.02253330789494,3,13.46102470881752,0
topology_267_t07,267,7,5,10,0.23870758468965464,2,12.900313304298704,0
topology_267_t07,267,7,6,0,4.059569502491132,3,57.28202112057181,1
topology_267_t07,267,7,6,1,5.001763477933092,4,59.740096355607854,1
topology_267_t07,267,7,6,2,5.321061772351171,2,52.355749280059214,1
topology_267_t07,267,7,6,3,3.47371706896381,1,7.261037064642663,0
topology_267_t07,267,7,6,4,1.044911411942397,2,12.37040238370643,0
topology_267_t07,267,7,6,5,1.1201269017206545,2,10.256702200710215,0
topology_267_t07,267,7,6,7,2.3883349341599414,1,3.727967580425555,0
topology_267_t07,267,7,6,8,8.48088486449296,2,5.98673500178996,0
topology_267_t07,267,7,6,9,3.02787166620858,1,3.204322508107305,0
topology_267_t07,267,7,6,10,4.183218164066175,2,8.070569585085817,0
topology_267_t07,267,7,7,0,0.8602767321114355,2,53.554053540146256,1
topology_267_t07,267,7,7,1,1.1617347272472696,3,56.0121287751823,1
topology_267_t07,267,7,7,2,0.388151990095565,1,48.62778169963366,1
topology_267_t07,267,7,7,3,1.402539719654466,2,10.989004645068217,0
topology_267_t07,267,7,7,4,7.097641542739441,3,16.098369964131983,0
topology_267_t07,267,7,7,5,0.4551555191702361,2,10.720324494453102,0
topology_267_t07,267,7,7,6,0.18625376320915799,1,3.727967580425555,0
topology_267_t07,267,7,7,8,1.6955885966827775,1,2.2587674213644044,0
topology_267_t07,267,7,7,9,0.7330660589259659,2,6.93229008853286,0
topology_267_t07,267,7,7,10,0.7317781904653905,1,4.477194824439906,0
topology_267_t07,267,7,8,0,1.6464194060266488,3,55.81282096151066,1
topology_267_t07,267,7,8,1,1.8400227572203671,4,58.2708961965467,1
topology_267_t07,267,7,8,2,0.36715578668553245,2,50.88654912099806,1
topology_267_t07,267,7,8,3,4.433089022032579,3,13.247772066432622,0
topology_267_t07,267,7,8,4,0.46829131649561884,4,18.35713738549639,0
topology_267_t07,267,7,8,5,10.789929762995333,1,8.461557073088699,0
topology_267_t07,267,7,8,6,1.0090688076142083,2,5.98673500178996,0
topology_267_t07,267,7,8,7,0.36158944870441156,1,2.2587674213644044,0
topology_267_t07,267,7,8,9,0.6313036950563207,3,9.191057509897265,0
topology_267_t07,267,7,8,10,2.2933456417671128,2,6.73596224580431,0
topology_267_t07,267,7,9,0,0.5002898906337613,4,60.486343628679116,1
topology_267_t07,267,7,9,1,4.056813002530729,5,62.94441886371516,1
topology_267_t07,267,7,9,2,1.6755867766908834,3,55.56007178816652,1
topology_267_t07,267,7,9,3,2.147947269252212,2,10.465359572749968,0
topology_267_t07,267,7,9,4,1.0052913839737163,3,15.574724891813734,0
topology_267_t07,267,7,9,5,2.5008739236866653,3,13.46102470881752,0
topology_267_t07,267,7,9,6,0.21589857941845184,1,3.204322508107305,0
topology_267_t07,267,7,9,7,2.085128989221197,2,6.93229008853286,0
topology_267_t07,267,7,9,8,3.4481945029977474,3,9.191057509897265,0
topology_267_t07,267,7,9,10,0.07503289661309735,1,4.866247076978512,0
topology_267_t07,267,7,10,0,1.2863357335852539,3,58.03124836458616,1
topology_267_t07,267,7,10,1,1.1641924818680123,4,60.4893235996222,1
topology_267_t07,267,7,10,2,0.8909570019844993,2,53.104976524073564,1
topology_267_t07,267,7,10,3,3.435607271436303,1,9.904648168231152,0
topology_267_t07,267,7,10,4,3.1267239057974257,2,15.014013487294918,0
topology_267_t07,267,7,10,5,0.4550420677763481,2,12.900313304298704,0
topology_267_t07,267,7,10,6,1.356534752427065,2,8.070569585085817,0
topology_267_t07,267,7,10,7,0.7418754207851269,1,4.477194824439906,0
topology_267_t07,267,7,10,8,0.55054842682692,2,6.73596224580431,0
topology_267_t07,267,7,10,9,0.5661088264305516,1,4.866247076978512,0
topology_267_t08,267,8,0,1,0.35717651476121826,1,2.457511812261158,0
topology_267_t08,267,8,0,2,0.6557884039960836,1,4.926157402553503,0
topology_267_t08,267,8,0,3,0.48600656895947036,2,12.695400592953968,0
topology_267_t08,267,8,0,4,0.6491630729221338,2,10.888155805744058,0
topology_267_t08,267,8,0,5,0.9402411531591175,1,9.701284131558701,0
topology_267_t08,267,8,0,6,0.9149150398216812,3,14.849574413074315,0
topology_267_t08,267,8,0,7,1.3505306682313178,2,11.121797759650889,0
topology_267_t08,267,8,0,8,0.5637949268830502,3,13.38054132427765,0
topology_267_t08,267,8,0,9,1.8634031131792836,4,18.05384129707675,0
topology_267_t08,267,8,0,10,0.6722498224528162,3,15.598860759370417,0
topology_267_t08,267,8,1,0,0.14283718010488955,1,2.457511812261158,0
topology_267_t08,267,8,1,2,0.4362079586028045,2,7.383669214814661,0
topology_267_t08,267,8,1,3,0.4001338852562932,2,13.5398997199845,0
topology_267_t08,267,8,1,4,1.499757567030566,1,8.4306439934829,0
topology_267_t08,267,8,1,5,1.2248077906236066,2,12.15879594381986,0
topology_267_t08,267,8,1,6,0.35974873899864945,4,17.307086225335475,0
topology_267_t08,267,8,1,7,0.33780535099444703,3,13.579309571912049,0
topology_267_t08,267,8,1,8,0.7385719567898577,4,15.838053136538809,0
topology_267_t08,267,8,1,9,0.5417719448658717,5,20.51135310933791,0
topology_267_t08,267,8,1,10,0.7419628998909488,4,18.056372571631577,0
topology_267_t08,267,8,2,0,0.4083376472726902,1,4.926157402553503,0
topology_267_t08,267,8,2,1,0.2759138089510339,2,7.383669214814661,0
topology_267_t08,267,8,2,3,2.033150923187258,3,17.621557995507473,0
topology_267_t08,267,8,2,4,0.5468781713074533,3,15.81431320829756,0
topology_267_t08,267,8,2,5,0.6213913813628006,2,14.627441534112204,0
topology_267_t08,267,8,2,6,0.428801417854622,2,9.923417010520813,0
topology_267_t08,267,8,2,7,0.7561838585110257,1,6.195640357097386,0
topology_267_t08,267,8,2,8,0.43070826580788807,2,8.454383921724148,0
topology_267_t08,267,8,2,9,0.5090619306491088,3,13.127683894523248,0
topology_267_t08,267,8,2,10,0.865912376679237,2,10.672703356816916,0
topology_267_t08,267,8,3,0,0.9222650774999276,2,12.695400592953968,0
topology_267_t08,267,8,3,1,1.4745688798654177,2,13.5398997199845,0
topology_267_t08,267,8,3,2,0.4096747752313685,3,17.621557995507473,0
topology_267_t08,267,8,3,4,0.3083597642785073,1,5.109255726501601,0
topology_267_t08,267,8,3,5,0.48829962139259797,1,2.9941164613952673,0
topology_267_t08,267,8,3,6,1.3025598195920207,1,7.236109878368175,0
topology_267_t08,267,8,3,7,0.9497622715338797,2,10.963886531791601,0
topology_267_t08,267,8,3,8,0.606668151648738,3,13.222630096418362,0
topology_267_t08,267,8,3,9,0.8324020676930954,2,10.44037676237061,0
topology_267_t08,267,8,3,10,0.8910171375538714,1,9.903613246205655,0
topology_267_t08,267,8,4,0,0.17477754591484188,2,10.888155805744058,0
topology_267_t08,267,8,4,1,0.31870900468297003,1,8.4306439934829,0
topology_267_t08,267,8,4,2,0.8664623108793057,3,15.81431320829756,0
topology_267_t08,267,8,4,3,1.1745936341936072,1,5.109255726501601,0
topology_267_t08,267,8,4,5,0.43227122829730497,2,8.103372187896868,0
topology_267_t08,267,8,4,6,0.3539185397305855,2,12.345365604869777,0
topology_267_t08,267,8,4,7,0.37086078686945967,3,16.073142258293203,0
topology_267_t08,267,8,4,8,1.84671436099152,4,18.331885822919965,0
topology_267_t08,267,8,4,9,0.43570375999293903,3,15.549632488872211,0
topology_267_t08,267,8,4,10,0.24696351671810765,2,15.012868972707256,0
topology_267_t08,267,8,5,0,0.7160780116958212,1,9.701284131558701,0
topology_267_t08,267,8,5,1,1.8148296240632777,2,12.15879594381986,0
topology_267_t08,267,8,5,2,0.3299361473847353,2,14.627441534112204,0
topology_267_t08,267,8,5,3,1.1877590671020797,1,2.9941164613952673,0
topology_267_t08,267,8,5,4,0.7357075250379927,2,8.103372187896868,0
topology_267_t08,267,8,5,6,0.48166690595633904,2,10.230226339763442,0
topology_267_t08,267,8,5,7,0.5358639346224255,2,10.708547126501468,0
topology_267_t08,267,8,5,8,1.726335377132473,1,8.449803561874708,0
topology_267_t08,267,8,5,9,0.6280034496508043,3,13.434493223765877,0
topology_267_t08,267,8,5,10,2.8544154391291965,2,12.897729707600922,0
topology_267_t08,267,8,6,0,1.2568123359364431,3,14.849574413074317,0
topology_267_t08,267,8,6,1,1.1011889376867234,4,17.307086225335475,0
topology_267_t08,267,8,6,2,2.471406648222375,2,9.923417010520813,0
topology_267_t08,267,8,6,3,1.2346901042332903,1,7.236109878368175,0
topology_267_t08,267,8,6,4,1.1138918640509317,2,12.345365604869777,0
topology_267_t08,267,8,6,5,0.8617194422283256,2,10.230226339763442,0
topology_267_t08,267,8,6,7,0.6404907835352797,1,3.727776653423427,0
topology_267_t08,267,8,6,8,0.6192492321611014,2,5.986520218050187,0
topology_267_t08,267,8,6,9,0.7422092202815577,1,3.2042668840024344,0
topology_267_t08,267,8,6,10,1.5279995121667542,2,8.0705045272666,0
topology_267_t08,267,8,7,0,0.642563855904229,2,11.121797759650889,0
topology_267_t08,267,8,7,1,0.4445285263636892,3,13.579309571912047,0
topology_267_t08,267,8,7,2,0.4501682957293879,1,6.195640357097386,0
topology_267_t08,267,8,7,3,0.6491025431303689,2,10.963886531791601,0
topology_267_t08,267,8,7,4,0.48293549840595906,3,16.073142258293203,0
topology_267_t08,267,8,7,5,0.9028333848797263,2,10.708547126501468,0
topology_267_t08,267,8,7,6,0.659189549790814,1,3.727776653423427,0
topology_267_t08,267,8,7,8,0.2655804923110068,1,2.2587435646267604,0
topology_267_t08,267,8,7,9,0.25708894536240406,2,6.932043537425861,0
topology_267_t08,267,8,7,10,0.27490277855214357,1,4.4770629997195295,0
topology_267_t08,267,8,8,0,0.8831323492254223,3,13.380541324277651,0
topology_267_t08,267,8,8,1,1.5454271619480522,4,15.838053136538809,0
topology_267_t08,267,8,8,2,1.212343280973699,2,8.454383921724148,0
topology_267_t08,267,8,8,3,0.485248057023714,3,13.222630096418364,0
topology_267_t08,267,8,8,4,0.6862853862696576,4,18.331885822919965,0
topology_267_t08,267,8,8,5,0.5695000591920885,1,8.449803561874708,0
topology_267_t08,267,8,8,6,0.7336964910238691,2,5.986520218050187,0
topology_267_t08,267,8,8,7,0.7304300191793416,1,2.2587435646267604,0
topology_267_t08,267,8,8,9,0.6480089263000876,3,9.19078710205262,0
topology_267_t08,267,8,8,10,0.9117219057242565,2,6.73580656434629,0
topology_267_t08,267,8,9,0,0.5798434932360782,4,18.05384129707675,0
topology_267_t08,267,8,9,1,0.1866796560652026,5,20.51135310933791,0
topology_267_t08,267,8,9,2,0.49320687607904906,3,13.127683894523248,0
topology_267_t08,267,8,9,3,0.7046833163151976,2,10.44037676237061,0
topology_267_t08,267,8,9,4,0.4569523984730295,3,15.549632488872211,0
topology_267_t08,267,8,9,5,0.5038915342705722,3,13.434493223765877,0
topology_267_t08,267,8,9,6,0.3302876973417523,1,3.2042668840024344,0
topology_267_t08,267,8,9,7,0.3049233987307147,2,6.932043537425861,0
topology_267_t08,267,8,9,8,0.25161841680317254,3,9.19078710205262,0
topology_267_t08,267,8,9,10,0.6847166765429387,1,4.866237643264165,0
topology_267_t08,267,8,10,0,0.6821651044372675,3,15.59886075937042,0
topology_267_t08,267,8,10,1,0.5919563143227494,4,18.056372571631577,0
topology_267_t08,267,8,10,2,0.8857437049493975,2,10.672703356816916,0
topology_267_t08,267,8,10,3,0.31611365120185103,1,9.903613246205655,0
topology_267_t08,267,8,10,4,0.5544972710505536,2,15.012868972707256,0
topology_267_t08,267,8,10,5,0.22107903274663837,2,12.897729707600922,0
topology_267_t08,267,8,10,6,0.31866640385964257,2,8.0705045272666,0
topology_267_t08,267,8,10,7,1.1818560296441518,1,4.4770629997195295,0
topology_267_t08,267,8,10,8,1.1067620109929825,2,6.73580656434629,0
topology_267_t08,267,8,10,9,0.27651597979268483,1,4.866237643264165,0
topology_267_t09,267,9,0,1,0.7751669915108201,1,2.4575119951054427,0
topology_267_t09,267,9,0,2,0.37489091049578277,1,4.926146630258583,0
topology_267_t09,267,9,0,3,0.6240818753072548,2,12.69498749363786,0
topology_267_t09,267,9,0,4,0.9840929485901355,2,10.887985058495914,0
topology_267_t09,267,9,0,5,0.7151333654295422,1,9.700929267519545,0
topology_267_t09,267,9,0,6,0.1723729908675938,3,14.795353351352702,0
topology_267_t09,267,9,0,7,0.3389892015453579,2,11.067581534392147,0
topology_267_t09,267,9,0,8,0.6173542000432453,3,13.32632251691842,0
topology_267_t09,267,9,0,9,0.377750005903741,4,17.999618258361426,0
topology_267_t09,267,9,0,10,0.29250013446477435,3,15.544594981067908,0
topology_267_t09,267,9,1,0,2.6377780683381817,1,2.4575119951054427,0
topology_267_t09,267,9,1,2,0.5011645534447825,2,7.383658625364026,0
topology_267_t09,267,9,1,3,0.21350966290825277,2,13.539711779035635,0
topology_267_t09,267,9,1,4,0.39713473279378,1,8.43047306339047,0
topology_267_t09,267,9,1,5,0.510043057852249,2,12.158441262624986,0
topology_267_t09,267,9,1,6,0.6779389692475477,4,17.252865346458144,0
topology_267_t09,267,9,1,7,0.2388033208018205,3,13.52509352949759,0
topology_267_t09,267,9,1,8,0.37793557668424194,4,15.783834512023864,0
topology_267_t09,267,9,1,9,0.4068124680789286,5,20.457130253466868,0
topology_267_t09,267,9,1,10,0.62483545915912,4,18.00210697617335,0
topology_267_t09,267,9,2,0,1.068141208247328,1,4.926146630258583,0
topology_267_t09,267,9,2,1,0.36895658335790943,2,7.383658625364026,0
topology_267_t09,267,9,2,3,1.0762670792851894,3,17.621134123896443,0
topology_267_t09,267,9,2,4,0.22885181063426657,3,15.814131688754497,0
topology_267_t09,267,9,2,5,0.1945993189448087,2,14.627075897778127,0
topology_267_t09,267,9,2,6,0.6722444116968027,2,9.86920672109412,0
topology_267_t09,267,9,2,7,1.1618845104803774,1,6.141434904133565,0
topology_267_t09,267,9,2,8,0.31866030028992964,2,8.400175886659838,0
topology_267_t09,267,9,2,9,0.9155246158659254,3,13.073471628102844,0
topology_267_t09,267,9,2,10,0.6505807916411198,2,10.618448350809325,0
topology_267_t09,267,9,3,0,0.8326764739183178,2,12.69498749363786,0
topology_267_t09,267,9,3,1,0.45317090694805034,2,13.539711779035635,0
topology_267_t09,267,9,3,2,0.7818911144041235,3,17.621134123896443,0
topology_267_t09,267,9,3,4,0.21544009483161866,1,5.109238715645164,0
topology_267_t09,267,9,3,5,0.5177682890507704,1,2.994058226118315,0
topology_267_t09,267,9,3,6,0.8533378312067789,1,7.235917087168358,0
topology_267_t09,267,9,3,7,0.5310686060774383,2,10.963688904128912,0
topology_267_t09,267,9,3,8,1.6906641151650477,3,13.222429886655185,0
topology_267_t09,267,9,3,9,0.6162229677419699,2,10.440181994177081,0
topology_267_t09,267,9,3,10,0.7736227130596628,1,9.903404490854152,0
topology_267_t09,267,9,4,0,0.9792681220922753,2,10.887985058495914,0
topology_267_t09,267,9,4,1,1.3403570127847024,1,8.43047306339047,0
topology_267_t09,267,9,4,2,0.3662973458771149,3,15.814131688754497,0
topology_267_t09,267,9,4,3,0.17603085371696112,1,5.109238715645164,0
topology_267_t09,267,9,4,5,0.2769741953655555,2,8.103296941763478,0
topology_267_t09,267,9,4,6,0.9837480187978731,2,12.345155802813522,0
topology_267_t09,267,9,4,7,0.46021138309965054,3,16.072927619774077,0
topology_267_t09,267,9,4,8,0.9589701314476767,4,18.33166860230035,0
topology_267_t09,267,9,4,9,0.619738192361098,3,15.549420709822247,0
topology_267_t09,267,9,4,10,0.23201594509245874,2,15.012643206499316,0
topology_267_t09,267,9,5,0,0.5502180085064947,1,9.700929267519545,0
topology_267_t09,267,9,5,1,0.96231603536965,2,12.158441262624986,0
topology_267_t09,267,9,5,2,0.43510852139975226,2,14.627075897778127,0
topology_267_t09,267,9,5,3,0.7531822186479914,1,2.994058226118315,0
topology_267_t09,267,9,5,4,0.6458467796322718,2,8.103296941763478,0
topology_267_t09,267,9,5,6,2.307167806979414,2,10.229975313286673,0
topology_267_t09,267,9,5,7,1.078153472861491,2,10.709618879507017,0
topology_267_t09,267,9,5,8,2.628022457422667,1,8.450877896980744,0
topology_267_t09,267,9,5,9,0.5561212841482803,3,13.434240220295397,0
topology_267_t09,267,9,5,10,0.6307391261154799,2,12.897462716972466,0
topology_267_t09,267,9,6,0,1.0248396698363225,3,14.795353351352702,0
topology_267_t09,267,9,6,1,1.0159240430713667,4,17.252865346458144,0
topology_267_t09,267,9,6,2,0.9870357324686734,2,9.86920672109412,0
topology_267_t09,267,9,6,3,0.2491295373135217,1,7.235917087168358,0
topology_267_t09,267,9,6,4,0.27095596707133374,2,12.345155802813522,0
topology_267_t09,267,9,6,5,0.49937032900589645,2,10.229975313286673,0
topology_267_t09,267,9,6,7,0.48311231083596334,1,3.727771816960554,0
topology_267_t09,267,9,6,8,0.7369343371433114,2,5.986512799486826,0
topology_267_t09,267,9,6,9,0.2783863959231532,1,3.2042649070087244,0
topology_267_t09,267,9,6,10,0.8182909238846932,2,8.070500734424417,0
topology_267_t09,267,9,7,0,0.2526223414749075,2,11.067581534392147,0
topology_267_t09,267,9,7,1,0.432264316239813,3,13.525093529497589,0
topology_267_t09,267,9,7,2,0.511574683380608,1,6.141434904133565,0
topology_267_t09,267,9,7,3,0.5312529997753095,2,10.963688904128912,0
topology_267_t09,267,9,7,4,0.6245294592252755,3,16.072927619774077,0
topology_267_t09,267,9,7,5,0.3926309927503306,2,10.709618879507017,0
topology_267_t09,267,9,7,6,0.5173937411413496,1,3.727771816960554,0
topology_267_t09,267,9,7,8,0.14623462936947038,1,2.2587409825262728,0
topology_267_t09,267,9,7,9,0.31359058338377804,2,6.932036723969278,0
topology_267_t09,267,9,7,10,0.906891840409255,1,4.477013446675761,0
topology_267_t09,267,9,8,0,1.9138459778117656,3,13.32632251691842,0
topology_267_t09,267,9,8,1,0.22416347620179425,4,15.783834512023862,0
topology_267_t09,267,9,8,2,0.19042040139819433,2,8.400175886659838,0
topology_267_t09,267,9,8,3,0.6815623752403692,3,13.222429886655185,0
topology_267_t09,267,9,8,4,0.5258723954495647,4,18.331668602300347,0
topology_267_t09,267,9,8,5,0.7569302659434529,1,8.450877896980744,0
topology_267_t09,267,9,8,6,0.7920566466531163,2,5.986512799486826,0
topology_267_t09,267,9,8,7,1.0686219723599393,1,2.2587409825262728,0
topology_267_t09,267,9,8,9,1.0380169130448311,3,9.19077770649555,0
topology_267_t09,267,9,8,10,0.16317941054856144,2,6.735754429202034,0
topology_267_t09,267,9,9,0,1.649254852489435,4,17.999618258361426,0
topology_267_t09,267,9,9,1,0.2696718339687199,5,20.457130253466868,0
topology_267_t09,267,9,9,2,0.642328945818337,3,13.073471628102844,0
topology_267_t09,267,9,9,3,0.43852300701219965,2,10.440181994177081,0
topology_267_t09,267,9,9,4,0.4997079649100239,3,15.549420709822245,0
topology_267_t09,267,9,9,5,0.33710637558240336,3,13.434240220295397,0
topology_267_t09,267,9,9,6,0.2526659539456073,1,3.2042649070087244,0
topology_267_t09,267,9,9,7,0.3574011642683043,2,6.932036723969278,0
topology_267_t09,267,9,9,8,0.40656670562749364,3,9.19077770649555,0
topology_267_t09,267,9,9,10,0.7646461689560208,1,4.866235827415692,0
topology_267_t09,267,9,10,0,0.4128077493341698,3,15.54459498106791,0
topology_267_t09,267,9,10,1,0.5089391936682571,4,18.00210697617335,0
topology_267_t09,267,9,10,2,0.5433125747617957,2,10.618448350809325,0
topology_267_t09,267,9,10,3,0.4323723368647563,1,9.903404490854152,0
topology_267_t09,267,9,10,4,0.14389990154295063,2,15.012643206499316,0
topology_267_t09,267,9,10,5,1.2490608049989351,2,12.897462716972466,0
topology_267_t09,267,9,10,6,0.33962333407384593,2,8.070500734424417,0
topology_267_t09,267,9,10,7,0.2922423777403323,1,4.477013446675761,0
topology_267_t09,267,9,10,8,0.20337900818012686,2,6.735754429202034,0
topology_267_t09,267,9,10,9,0.23170258088000384,1,4.866235827415692,0
topology_267_t10,267,10,0,1,0.29322959107180174,1,2.4574840352774294,0
topology_267_t10,267,10,0,2,0.6882625851181547,1,4.92615505401859,0
topology_267_t10,267,10,0,3,0.41521401976685485,2,12.695234148006541,0
topology_267_t10,267,10,0,4,0.6563218594063989,2,10.888130084620416,0
topology_267_t10,267,10,0,5,0.6154822316504048,1,9.70126740699669,0
topology_267_t10,267,10,0,6,1.9140295453260434,3,14.789499935045411,0
topology_267_t10,267,10,0,7,0.6632729993738113,2,11.061733312395628,0
topology_267_t10,267,10,0,8,0.5175094712319276,3,13.320474145134025,0
topology_267_t10,267,10,0,9,0.31265293202260036,4,17.993767878905302,0
topology_267_t10,267,10,0,10,0.2883351352417767,3,15.538761272707841,0
topology_267_t10,267,10,1,0,0.23113231774448514,1,2.4574840352774294,0
topology_267_t10,267,10,1,2,0.27077306083276936,2,7.38363908929602,0
topology_267_t10,267,10,1,3,0.9189703016055927,2,13.539918644148653,0
topology_267_t10,267,10,1,4,0.7012695035495784,1,8.430646049342986,0
topology_267_t10,267,10,1,5,0.2585138606909841,2,12.15875144227412,0
topology_267_t10,267,10,1,6,0.9540751520614831,4,17.24698397032284,0
topology_267_t10,267,10,1,7,0.36831529820008807,3,13.519217347673058,0
topology_267_t10,267,10,1,8,0.26164334990055327,4,15.777958180411453,0
topology_267_t10,267,10,1,9,0.614858107356049,5,20.45125191418273,0
topology_267_t10,267,10,1,10,0.32671730059308757,4,17.99624530798527,0
topology_267_t10,267,10,2,0,0.7734763044393747,1,4.92615505401859,0
topology_267_t10,267,10,2,1,0.7205341247205123,2,7.38363908929602,0
topology_267_t10,267,10,2,3,0.5585499515706731,3,17.62138920202513,0
topology_267_t10,267,10,2,4,0.5279847813680132,3,15.814285138639006,0
topology_267_t10,267,10,2,5,0.956206368087775,2,14.62742246101528,0
topology_267_t10,267,10,2,6,0.683505373799225,2,9.863344881026821,0
topology_267_t10,267,10,2,7,0.17211585200850968,1,6.135578258377038,0
topology_267_t10,267,10,2,8,0.5205174324867307,2,8.394319091115435,0
topology_267_t10,267,10,2,9,0.4041782891282784,3,13.067612824886712,0
topology_267_t10,267,10,2,10,0.6523557205108681,2,10.612606218689251,0
topology_267_t10,267,10,3,0,0.84288373547718,2,12.695234148006541,0
topology_267_t10,267,10,3,1,1.234952792369083,2,13.539918644148653,0
topology_267_t10,267,10,3,2,0.9046838742043665,3,17.62138920202513,0
topology_267_t10,267,10,3,4,0.42600858462857677,1,5.109272594805666,0
topology_267_t10,267,10,3,5,0.14672655084414202,1,2.993966741009851,0
topology_267_t10,267,10,3,6,0.5686440395665252,1,7.236887934687464,0
topology_267_t10,267,10,3,7,0.7750547677536586,2,10.964654557337248,0
topology_267_t10,267,10,3,8,0.35785309148782546,3,13.223395390075645,0
topology_267_t10,267,10,3,9,1.2539356235609058,2,10.441155878547354,0
topology_267_t10,267,10,3,10,0.7062171157165416,1,9.90340051674495,0
topology_267_t10,267,10,4,0,0.26293400888572294,2,10.888130084620416,0
topology_267_t10,267,10,4,1,0.30162959579550025,1,8.430646049342986,0
topology_267_t10,267,10,4,2,1.3378769012480458,3,15.814285138639006,0
topology_267_t10,267,10,4,3,0.43425025519431154,1,5.109272594805666,0
topology_267_t10,267,10,4,5,0.4859542772668759,2,8.103239335815516,0
topology_267_t10,267,10,4,6,0.20022127498414868,2,12.34616052949313,0
topology_267_t10,267,10,4,7,0.4191440639577235,3,16.073927152142915,0
topology_267_t10,267,10,4,8,0.29278019247592324,4,18.33266798488131,0
topology_267_t10,267,10,4,9,4.123833880026738,3,15.550428473353021,0
topology_267_t10,267,10,4,10,0.28392677287092677,2,15.012673111550615,0
topology_267_t10,267,10,5,0,1.5742479950452892,1,9.70126740699669,0
topology_267_t10,267,10,5,1,0.7785624992057605,2,12.15875144227412,0
topology_267_t10,267,10,5,2,2.4652589270111407,2,14.62742246101528,0
topology_267_t10,267,10,5,3,0.5816716584164529,1,2.993966741009851,0
topology_267_t10,267,10,5,4,0.9694800155112371,2,8.103239335815516,0
topology_267_t10,267,10,5,6,1.2517582358810087,2,10.230854675697316,0
topology_267_t10,267,10,5,7,0.5079408703421892,2,10.708185475455274,0
topology_267_t10,267,10,5,8,0.9625079075206379,1,8.449444642716877,0
topology_267_t10,267,10,5,9,0.3111998440152081,3,13.435122619557207,0
topology_267_t10,267,10,5,10,0.7445408801691958,2,12.897367257754802,0
topology_267_t10,267,10,6,0,0.7216116525719403,3,14.789499935045411,0
topology_267_t10,267,10,6,1,0.497400875558438,4,17.24698397032284,0
topology_267_t10,267,10,6,2,0.6453773074876687,2,9.863344881026821,0
topology_267_t10,267,10,6,3,0.7557027586646664,1,7.236887934687464,0
topology_267_t10,267,10,6,4,0.599809823818676,2,12.34616052949313,0
topology_267_t10,267,10,6,5,1.5172844301731068,2,10.230854675697316,0
topology_267_t10,267,10,6,7,0.3077956536580696,1,3.727766622649783,0
topology_267_t10,267,10,6,8,1.0035177431409132,2,5.986507455388179,0
topology_267_t10,267,10,6,9,0.739556235390759,1,3.204267943859891,0
topology_267_t10,267,10,6,10,0.17771364116418503,2,8.0705010080693,0
topology_267_t10,267,10,7,0,0.41141272878371055,2,11.061733312395628,0
topology_267_t10,267,10,7,1,0.6813399460645821,3,13.519217347673058,0
topology_267_t10,267,10,7,2,0.5023718539872406,1,6.135578258377038,0
topology_267_t10,267,10,7,3,0.14897963223576546,2,10.964654557337248,0
topology_267_t10,267,10,7,4,0.15004060651374132,3,16.073927152142915,0
topology_267_t10,267,10,7,5,0.46751344885475327,2,10.708185475455274,0
topology_267_t10,267,10,7,6,0.28620592352464563,1,3.727766622649783,0
topology_267_t10,267,10,7,8,0.23593658075159574,1,2.258740832738396,0
topology_267_t10,267,10,7,9,0.5960305601167359,2,6.9320345665096745,0
topology_267_t10,267,10,7,10,0.23688947537842847,1,4.4770279603122125,0
topology_267_t10,267,10,8,0,0.7306776595212264,3,13.320474145134025,0
topology_267_t10,267,10,8,1,0.442834055545096,4,15.777958180411455,0
topology_267_t10,267,10,8,2,0.8260599298518309,2,8.394319091115435,0
topology_267_t10,267,10,8,3,1.0350974115204723,3,13.223395390075643,0
topology_267_t10,267,10,8,4,2.8146262315731145,4,18.332667984881308,0
topology_267_t10,267,10,8,5,1.404135244612388,1,8.449444642716877,0
topology_267_t10,267,10,8,6,0.5397734538878283,2,5.986507455388179,0
topology_267_t10,267,10,8,7,0.46883874697642947,1,2.258740832738396,0
topology_267_t10,267,10,8,9,0.4842485639772243,3,9.19077539924807,0
topology_267_t10,267,10,8,10,1.4881901363356211,2,6.7357687930506085,0
topology_267_t10,267,10,9,0,0.5938348762198298,4,17.993767878905302,0
topology_267_t10,267,10,9,1,0.3517126963237721,5,20.45125191418273,0
topology_267_t10,267,10,9,2,0.2980735123177008,3,13.067612824886712,0
topology_267_t10,267,10,9,3,0.6456526781448682,2,10.441155878547354,0
topology_267_t10,267,10,9,4,0.3512059969190151,3,15.55042847335302,0
topology_267_t10,267,10,9,5,0.2767077285232413,3,13.435122619557205,0
topology_267_t10,267,10,9,6,0.22122586819351553,1,3.204267943859891,0
topology_267_t10,267,10,9,7,0.4191977004300758,2,6.9320345665096745,0
topology_267_t10,267,10,9,8,0.2866047936325607,3,9.190775399248071,0
topology_267_t10,267,10,9,10,0.3687412568243365,1,4.86623306420941,0
topology_267_t10,267,10,10,0,0.24137215585112218,3,15.538761272707841,0
topology_267_t10,267,10,10,1,1.3245911213742951,4,17.99624530798527,0
topology_267_t10,267,10,10,2,0.23923497381057562,2,10.612606218689251,0
topology_267_t10,267,10,10,3,0.4193826772541847,1,9.90340051674495,0
topology_267_t10,267,10,10,4,1.0522576886838748,2,15.012673111550615,0
topology_267_t10,267,10,10,5,0.22391550144169445,2,12.897367257754802,0
topology_267_t10,267,10,10,6,0.1798918504134147,2,8.0705010080693,0
topology_267_t10,267,10,10,7,0.6648901168309144,1,4.4770279603122125,0
topology_267_t10,267,10,10,8,0.11631288027807297,2,6.7357687930506085,0
topology_267_t10,267,10,10,9,0.4305297303899189,1,4.86623306420941,0
topology_267_t11,267,11,0,1,0.30203776648380587,1,2.45751988642357,0
topology_267_t11,267,11,0,2,0.6874625635214093,1,4.926153981844746,0
topology_267_t11,267,11,0,3,0.11469010161831715,2,12.695005994541866,0
topology_267_t11,267,11,0,4,0.7030046223947347,2,10.887977081559768,0
topology_267_t11,267,11,0,5,0.2665141558847612,1,9.701054112443048,0
topology_267_t11,267,11,0,6,1.123115263540113,3,14.790911274264923,0
topology_267_t11,267,11,0,7,0.6674917710872589,2,11.06315733933283,0
topology_267_t11,267,11,0,8,0.14241531824963083,3,13.321894244817237,0
topology_267_t11,267,11,0,9,0.8515876382594585,4,17.995172230816102,0
topology_267_t11,267,11,0,10,1.7626191718866513,3,15.540186597199643,0
topology_267_t11,267,11,1,0,0.07955641160962759,1,2.45751988642357,0
topology_267_t11,267,11,1,2,1.1256765500226122,2,7.383673868268316,0
topology_267_t11,267,11,1,3,0.5333705037106679,2,13.539699077780416,0
topology_267_t11,267,11,1,4,0.11160502996721837,1,8.430457195136198,0
topology_267_t11,267,11,1,5,0.33025610204592076,2,12.158573998866618,0
topology_267_t11,267,11,1,6,0.44396353255184684,4,17.248431160688494,0
topology_267_t11,267,11,1,7,0.29869876945828955,3,13.520677225756401,0
topology_267_t11,267,11,1,8,0.733761973063027,4,15.779414131240806,0
topology_267_t11,267,11,1,9,0.5730909925685072,5,20.45269211723967,0
topology_267_t11,267,11,1,10,0.2737613112887963,4,17.997706483623215,0
topology_267_t11,267,11,2,0,0.5808770901542463,1,4.926153981844746,0
topology_267_t11,267,11,2,1,0.7637334599565146,2,7.383673868268316,0
topology_267_t11,267,11,2,3,1.4062815485073188,3,17.621159976386615,0
topology_267_t11,267,11,2,4,1.2042031245010196,3,15.814131063404513,0
topology_267_t11,267,11,2,5,0.41768622679324224,2,14.627208094287795,0
topology_267_t11,267,11,2,6,0.17154458403270426,2,9.864757292420176,0
topology_267_t11,267,11,2,7,0.7880265715585866,1,6.1370033574880845,0
topology_267_t11,267,11,2,8,0.3753256240223008,2,8.39574026297249,0
topology_267_t11,267,11,2,9,0.6402002042395459,3,13.069018248971355,0
topology_267_t11,267,11,2,10,0.603470402670937,2,10.614032615354898,0
topology_267_t11,267,11,3,0,0.3147803920750336,2,12.695005994541866,0
topology_267_t11,267,11,3,1,0.5484542646317214,2,13.539699077780416,0
topology_267_t11,267,11,3,2,0.9020198999509116,3,17.62115997638661,0
topology_267_t11,267,11,3,4,0.3461987328769163,1,5.109241882644217,0
topology_267_t11,267,11,3,5,0.5741711181590133,1,2.993951882098819,0
topology_267_t11,267,11,3,6,0.7322907075339825,1,7.235174645925774,0
topology_267_t11,267,11,3,7,0.28516897751975256,2,10.962928580857866,0
topology_267_t11,267,11,3,8,0.5798098868569969,3,13.221665486342271,0
topology_267_t11,267,11,3,9,0.5508842834254024,2,10.439435602476953,0
topology_267_t11,267,11,3,10,1.227277032182348,1,9.90342565892881,0
topology_267_t11,267,11,4,0,1.0228763909841263,2,10.887977081559768,0
topology_267_t11,267,11,4,1,0.2989127825980716,1,8.430457195136198,0
topology_267_t11,267,11,4,2,0.44914085641849744,3,15.814131063404513,0
topology_267_t11,267,11,4,3,0.3543527257345883,1,5.109241882644217,0
topology_267_t11,267,11,4,5,0.18362273096216444,2,8.103193764743036,0
topology_267_t11,267,11,4,6,0.794527475697372,2,12.34441652856999,0
topology_267_t11,267,11,4,7,0.45118091965074725,3,16.072170463502083,0
topology_267_t11,267,11,4,8,0.5017808625845539,4,18.330907368986487,0
topology_267_t11,267,11,4,9,1.062297437904605,3,15.54867748512117,0
topology_267_t11,267,11,4,10,0.21052569293820497,2,15.012667541573027,0
topology_267_t11,267,11,5,0,1.34931858726395,1,9.701054112443048,0
topology_267_t11,267,11,5,1,2.0561317698481556,2,12.158573998866618,0
topology_267_t11,267,11,5,2,0.535764300896871,2,14.627208094287795,0
topology_267_t11,267,11,5,3,0.37068852960490484,1,2.993951882098819,0
topology_267_t11,267,11,5,4,0.9275323090703461,2,8.103193764743036,0
topology_267_t11,267,11,5,6,0.9800726333537162,2,10.229126528024594,0
topology_267_t11,267,11,5,7,0.4894466481756117,2,10.707494329743941,0
topology_267_t11,267,11,5,8,0.36678420931912,1,8.448757424259536,0
topology_267_t11,267,11,5,9,1.0279979494581784,3,13.433387484575773,0
topology_267_t11,267,11,5,10,0.33014258643237027,2,12.89737754102763,0
topology_267_t11,267,11,6,0,0.3953416917233138,3,14.790911274264921,0
topology_267_t11,267,11,6,1,1.324948334471259,4,17.24843116068849,0
topology_267_t11,267,11,6,2,0.5138703959180395,2,9.864757292420176,0
topology_267_t11,267,11,6,3,0.608748579517823,1,7.235174645925774,0
topology_267_t11,267,11,6,4,0.746585172010075,2,12.34441652856999,0
topology_267_t11,267,11,6,5,0.6280771858889542,2,10.229126528024594,0
topology_267_t11,267,11,6,7,0.4681555941208639,1,3.727753934932092,0
topology_267_t11,267,11,6,8,1.1014057557521035,2,5.986490840416497,0
topology_267_t11,267,11,6,9,0.41356870719498023,1,3.204260956551179,0
topology_267_t11,267,11,6,10,0.11603020825357417,2,8.070493679871857,0
topology_267_t11,267,11,7,0,0.465270868910389,2,11.06315733933283,0
topology_267_t11,267,11,7,1,0.44823725814219184,3,13.520677225756401,0
topology_267_t11,267,11,7,2,0.3896340725618382,1,6.1370033574880845,0
topology_267_t11,267,11,7,3,0.20385613773291245,2,10.962928580857866,0
topology_267_t11,267,11,7,4,0.5147821282974703,3,16.072170463502083,0
topology_267_t11,267,11,7,5,0.6584431937848575,2,10.707494329743941,0
topology_267_t11,267,11,7,6,0.2589866106644637,1,3.727753934932092,0
topology_267_t11,267,11,7,8,0.1220755545593647,1,2.2587369054844055,0
topology_267_t11,267,11,7,9,0.5394051543340173,2,6.932014891483271,0
topology_267_t11,267,11,7,10,0.22448585806122945,1,4.477029257866813,0
topology_267_t11,267,11,8,0,0.4934650980678861,3,13.321894244817237,0
topology_267_t11,267,11,8,1,1.0244840784738465,4,15.779414131240808,0
topology_267_t11,267,11,8,2,0.5378243922498676,2,8.39574026297249,0
topology_267_t11,267,11,8,3,0.358576263874579,3,13.221665486342271,0
topology_267_t11,267,11,8,4,0.3453012030369129,4,18.330907368986487,0
topology_267_t11,267,11,8,5,1.049273583084576,1,8.448757424259536,0
topology_267_t11,267,11,8,6,0.2983578361213148,2,5.986490840416497,0
topology_267_t11,267,11,8,7,0.15779253781252398,1,2.2587369054844055,0
topology_267_t11,267,11,8,9,0.960344126910713,3,9.190751796967676,0
topology_267_t11,267,11,8,10,0.3368219939311114,2,6.735766163351219,0
topology_267_t11,267,11,9,0,0.14804398245501652,4,17.995172230816102,0
topology_267_t11,267,11,9,1,0.11871859846026642,5,20.45269211723967,0
topology_267_t11,267,11,9,2,0.36665570371146183,3,13.069018248971355,0
topology_267_t11,267,11,9,3,0.338975530039152,2,10.439435602476953,0
topology_267_t11,267,11,9,4,0.2512766906763631,3,15.548677485121171,0
topology_267_t11,267,11,9,5,0.19692575365860635,3,13.433387484575771,0
topology_267_t11,267,11,9,6,0.1560879047561793,1,3.204260956551179,0
topology_267_t11,267,11,9,7,0.14754219450904751,2,6.932014891483271,0
topology_267_t11,267,11,9,8,0.3926250364782797,3,9.190751796967676,0
topology_267_t11,267,11,9,10,0.415814100387638,1,4.866232723320678,0
topology_267_t11,267,11,10,0,1.1741162718466935,3,15.540186597199643,0
topology_267_t11,267,11,10,1,0.35452433295962843,4,17.99770648362321,0
topology_267_t11,267,11,10,2,0.28505695878861464,2,10.614032615354898,0
topology_267_t11,267,11,10,3,0.6577822971926219,1,9.90342565892881,0
topology_267_t11,267,11,10,4,0.23600166564658134,2,15.012667541573027,0
topology_267_t11,267,11,10,5,0.9672331205006806,2,12.89737754102763,0
topology_267_t11,267,11,10,6,0.3083586825973192,2,8.070493679871857,0
topology_267_t11,267,11,10,7,0.19854840045929384,1,4.477029257866813,0
topology_267_t11,267,11,10,8,0.4527591316191,2,6.735766163351219,0
topology_267_t11,267,11,10,9,0.1933991030176253,1,4.866232723320678,0
